<?xml version="1.0" encoding="UTF-8"?>
<!DOCTYPE AnnotationDefinitions6001 SYSTEM "FwDatabase.dtd">
<AnnotationDefinitions6001>
<CmPossibilityList id="IEA346C01-022F-4F34-B938-219CE7B65B73">
<PreventDuplicates8><Boolean val="true"/></PreventDuplicates8>
<ItemClsid8><Integer val="35"/></ItemClsid8>
<WsSelector8><Integer val="-3"/></WsSelector8>
<Name5>
<AUni ws="en">Annotation Definitions</AUni>
</Name5>
<Abbreviation8>
<AUni ws="en">AnnDefn</AUni>
</Abbreviation8>
<Description5>
<AStr ws="en">
<Run ws="en">Annotation types defined for use in FieldWorks.</Run>
</AStr>
</Description5>
<Possibilities8>
<CmAnnotationDefn id="I7FFC4EAB-856A-43CC-BC11-0DB55738C15B">
<IsProtected7><Boolean val="true"/></IsProtected7>
<AllowsComment35><Boolean val="true"/></AllowsComment35>
<UserCanCreate35><Boolean val="true"/></UserCanCreate35>
<CanCreateOrphan35><Boolean val="true"/></CanCreateOrphan35>
<CopyCutPastable35><Boolean val="true"/></CopyCutPastable35>
<Multi35><Boolean val="true"/></Multi35>
<Name7>
<AUni ws="en">Note</AUni>
</Name7>
<Abbreviation7>
<AUni ws="en">Nt</AUni>
</Abbreviation7>
<Description7>
<AStr ws="en">
<Run ws="en">General category for ad-hoc notes of any kind.</Run>
</AStr>
</Description7>
<SubPossibilities7>
<CmAnnotationDefn id="I56DE9B1A-1CE7-42A1-AA76-512EBEFF0DDA">
<IsProtected7><Boolean val="true"/></IsProtected7>
<AllowsComment35><Boolean val="true"/></AllowsComment35>
<UserCanCreate35><Boolean val="true"/></UserCanCreate35>
<CanCreateOrphan35><Boolean val="true"/></CanCreateOrphan35>
<PromptUser35><Boolean val="true"/></PromptUser35>
<CopyCutPastable35><Boolean val="true"/></CopyCutPastable35>
<ZeroWidth35><Boolean val="true"/></ZeroWidth35>
<Name7>
<AUni ws="en">Consultant Note</AUni>
</Name7>
<Abbreviation7>
<AUni ws="en">ConsNt</AUni>
</Abbreviation7>
<Description7>
<AStr ws="en">
<Run ws="en">Note written from consultant to translation team.</Run>
</AStr>
</Description7>
</CmAnnotationDefn>
</SubPossibilities7>
</CmAnnotationDefn>
<CmAnnotationDefn id="I8D4CBD80-0DCA-4A83-8A1F-9DB3AA4CFF54">
<IsProtected7><Boolean val="true"/></IsProtected7>
<Name7>
<AUni ws="en">Text</AUni>
</Name7>
<Abbreviation7>
<AUni ws="en">Txt</AUni>
</Abbreviation7>
<Description7>
<AStr ws="en">
<Run ws="en">Annotations applied to larger parts of a text, such as a sentence or clause. This is a grouping category and should not be instantiated.</Run>
</AStr>
</Description7>
<SubPossibilities7>
<CmAnnotationDefn id="IB63F0702-32F7-4ABB-B005-C1D2265636AD">
<IsProtected7><Boolean val="true"/></IsProtected7>
<AllowsInstanceOf35><Boolean val="true"/></AllowsInstanceOf35>
<InstanceOfSignature35><Integer val="16"/></InstanceOfSignature35>
<UserCanCreate35><Boolean val="true"/></UserCanCreate35>
<Name7>
<AUni ws="en">Text Segment</AUni>
</Name7>
<Abbreviation7>
<AUni ws="en">TxtSeg</AUni>
</Abbreviation7>
<Description7>
<AStr ws="en">
<Run ws="en">Used to break paragraphs into segments of a convenient size for translation and freeform notes.</Run>
</AStr>
</Description7>
</CmAnnotationDefn>
<CmAnnotationDefn id="I9AC9637A-56B9-4F05-A0E1-4243FBFB57DB">
<IsProtected7><Boolean val="true"/></IsProtected7>
<AllowsComment35><Boolean val="true"/></AllowsComment35>
<AllowsInstanceOf35><Boolean val="true"/></AllowsInstanceOf35>
<InstanceOfSignature35><Integer val="37"/></InstanceOfSignature35>
<UserCanCreate35><Boolean val="true"/></UserCanCreate35>
<CanCreateOrphan35><Boolean val="true"/></CanCreateOrphan35>
<Multi35><Boolean val="true"/></Multi35>
<Name7>
<AUni ws="en">Free Translation</AUni>
</Name7>
<Abbreviation7>
<AUni ws="en">FT</AUni>
</Abbreviation7>
<Description7>
<AStr ws="en">
<Run ws="en">Gives an good idea of the meaning without trying to preserve anything about the form of the source.</Run>
</AStr>
</Description7>
</CmAnnotationDefn>
<CmAnnotationDefn id="IB0B1BB21-724D-470A-BE94-3D9A436008B8">
<IsProtected7><Boolean val="true"/></IsProtected7>
<AllowsComment35><Boolean val="true"/></AllowsComment35>
<AllowsInstanceOf35><Boolean val="true"/></AllowsInstanceOf35>
<InstanceOfSignature35><Integer val="37"/></InstanceOfSignature35>
<UserCanCreate35><Boolean val="true"/></UserCanCreate35>
<CanCreateOrphan35><Boolean val="true"/></CanCreateOrphan35>
<Multi35><Boolean val="true"/></Multi35>
<Name7>
<AUni ws="en">Literal Translation</AUni>
</Name7>
<Abbreviation7>
<AUni ws="en">LT</AUni>
</Abbreviation7>
<Description7>
<AStr ws="en">
<Run ws="en">Preserves form as much as possible.</Run>
</AStr>
</Description7>
</CmAnnotationDefn>
<CmAnnotationDefn id="I20CF6C1C-9389-4380-91F5-DFA057003D51">
<IsProtected7><Boolean val="true"/></IsProtected7>
<CopyCutPastable35><Boolean val="true"/></CopyCutPastable35>
<Name7>
<AUni ws="en">Process Time</AUni>
</Name7>
<Abbreviation7>
<AUni ws="en">pt</AUni>
</Abbreviation7>
<Description7>
<AStr ws="en">
<Run ws="en">Used internally by the program to keep track of when some process was last applied to an object.</Run>
</AStr>
</Description7>
</CmAnnotationDefn>
<CmAnnotationDefn id="IEB92E50F-BA96-4D1D-B632-057B5C274132">
<IsProtected7><Boolean val="true"/></IsProtected7>
<CopyCutPastable35><Boolean val="true"/></CopyCutPastable35>
<Name7>
<AUni ws="en">Wordform In Context</AUni>
</Name7>
<Abbreviation7>
<AUni ws="en">wfic</AUni>
</Abbreviation7>
<Description7>
<AStr ws="en">
<Run ws="en">Used in interlinearized text for each wordform.</Run>
</AStr>
</Description7>
</CmAnnotationDefn>
<CmAnnotationDefn id="ICFECB1FE-037A-452D-A35B-59E06D15F4DF">
<IsProtected7><Boolean val="true"/></IsProtected7>
<Name7>
<AUni ws="en">Punctuation In Context</AUni>
</Name7>
<Abbreviation7>
<AUni ws="en">pic</AUni>
</Abbreviation7>
<Description7>
<AStr ws="en">
<Run ws="en">Used in interlinearized text for each non-wordforming punctuation.</Run>
</AStr>
</Description7>
</CmAnnotationDefn>
</SubPossibilities7>
</CmAnnotationDefn>
<CmAnnotationDefn id="IF094A0B0-01B8-4621-97F1-4D775BC29CE7">
<IsProtected7><Boolean val="true"/></IsProtected7>
<AllowsComment35><Boolean val="true"/></AllowsComment35>
<UserCanCreate35><Boolean val="true"/></UserCanCreate35>
<CanCreateOrphan35><Boolean val="true"/></CanCreateOrphan35>
<CopyCutPastable35><Boolean val="true"/></CopyCutPastable35>
<Multi35><Boolean val="true"/></Multi35>
<Name7>
<AUni ws="en">Comment</AUni>
</Name7>
<Abbreviation7>
<AUni ws="en">Cmt</AUni>
</Abbreviation7>
<Description7>
<AStr ws="en">
<Run ws="en">General category for comments of any kind.</Run>
</AStr>
</Description7>
</CmAnnotationDefn>
<CmAnnotationDefn id="I82E2FD92-48D8-43C9-BA84-CC4A2A5BEEAD">
<IsProtected7><Boolean val="true"/></IsProtected7>
<AllowsComment35><Boolean val="true"/></AllowsComment35>
<UserCanCreate35><Boolean val="true"/></UserCanCreate35>
<CanCreateOrphan35><Boolean val="true"/></CanCreateOrphan35>
<CopyCutPastable35><Boolean val="true"/></CopyCutPastable35>
<Multi35><Boolean val="true"/></Multi35>
<Name7>
<AUni ws="en">Errors</AUni>
</Name7>
<Abbreviation7>
<AUni ws="en">Err</AUni>
</Abbreviation7>
<Description7>
<AStr ws="en">
<Run ws="en">General category for errors of any kind.</Run>
</AStr>
</Description7>
</CmAnnotationDefn>
</Possibilities8>
</CmPossibilityList>
</AnnotationDefinitions6001>
