<?xml version="1.0" encoding="UTF-8"?>
<!DOCTYPE LexicalDatabase6001 SYSTEM "FwDatabase.dtd">
<LexicalDatabase6001>
<LexicalDatabase>
<Name5>
<AUni ws="en">Dictionary</AUni>
</Name5>
<AllomorphConditions5005>
<CmPossibilityList>
<Depth8>
<Integer val="1"/>
</Depth8>
<ItemClsid8>
<Integer val="7"/>
</ItemClsid8>
<WsSelector8>
<Integer val="-3"/>
</WsSelector8>
<Name5>
<AUni ws="en">Allomorph Conditions</AUni>
</Name5>
<Abbreviation8>
<AUni ws="en">AlloCond</AUni>
</Abbreviation8>
</CmPossibilityList>
</AllomorphConditions5005>
<SenseTypes5005>
<CmPossibilityList>
<IsSorted8>
<Boolean val="true"/>
</IsSorted8>
<ItemClsid8>
<Integer val="7"/>
</ItemClsid8>
<WsSelector8>
<Integer val="-3"/>
</WsSelector8>
<Name5>
<AUni ws="es">Tipos de Acepciones</AUni>
<AUni ws="en">Sense Types</AUni>
<AUni ws="fr">Types d'Acception</AUni>
</Name5>
<Abbreviation8>
<AUni ws="en">SenTyp</AUni>
</Abbreviation8>
<Possibilities8>
<CmPossibility>
<ForeColor7>
<Integer val="-1073741824"/>
</ForeColor7>
<BackColor7>
<Integer val="-1073741824"/>
</BackColor7>
<UnderColor7>
<Integer val="-1073741824"/>
</UnderColor7>
<Name7>
<AUni ws="es">figurativo</AUni>
<AUni ws="en">figurative</AUni>
<AUni ws="fr">figuratif</AUni>
</Name7>
<Abbreviation7>
<AUni ws="es">fig</AUni>
<AUni ws="en">fig</AUni>
<AUni ws="fr">fig</AUni>
</Abbreviation7>
</CmPossibility>
<CmPossibility>
<ForeColor7>
<Integer val="-1073741824"/>
</ForeColor7>
<BackColor7>
<Integer val="-1073741824"/>
</BackColor7>
<UnderColor7>
<Integer val="-1073741824"/>
</UnderColor7>
<Name7>
<AUni ws="es">primario</AUni>
<AUni ws="en">primary</AUni>
<AUni ws="fr">primaire</AUni>
</Name7>
<Abbreviation7>
<AUni ws="es">prim</AUni>
<AUni ws="en">prim</AUni>
<AUni ws="fr">prim</AUni>
</Abbreviation7>
</CmPossibility>
</Possibilities8>
</CmPossibilityList>
</SenseTypes5005>
<UsageTypes5005>
<CmPossibilityList>
<IsSorted8>
<Boolean val="true"/>
</IsSorted8>
<ItemClsid8>
<Integer val="7"/>
</ItemClsid8>
<WsSelector8>
<Integer val="-3"/>
</WsSelector8>
<Name5>
<AUni ws="es">Tipos de Usaje</AUni>
<AUni ws="en">Usage Types</AUni>
<AUni ws="fr">Types d'Usages</AUni>
</Name5>
<Abbreviation8>
<AUni ws="en">UseTyp</AUni>
</Abbreviation8>
<Possibilities8>
<CmPossibility>
<ForeColor7>
<Integer val="-1073741824"/>
</ForeColor7>
<BackColor7>
<Integer val="-1073741824"/>
</BackColor7>
<UnderColor7>
<Integer val="-1073741824"/>
</UnderColor7>
<Name7>
<AUni ws="es">arcaico</AUni>
<AUni ws="en">archaic</AUni>
<AUni ws="fr">archaïque</AUni>
</Name7>
<Abbreviation7>
<AUni ws="es">arc</AUni>
<AUni ws="en">arch</AUni>
<AUni ws="fr">arch</AUni>
</Abbreviation7>
</CmPossibility>
<CmPossibility>
<ForeColor7>
<Integer val="-1073741824"/>
</ForeColor7>
<BackColor7>
<Integer val="-1073741824"/>
</BackColor7>
<UnderColor7>
<Integer val="-1073741824"/>
</UnderColor7>
<Name7>
<AUni ws="es">coloquial</AUni>
<AUni ws="en">colloquial</AUni>
<AUni ws="fr">familier</AUni>
</Name7>
<Abbreviation7>
<AUni ws="es">col</AUni>
<AUni ws="en">col</AUni>
<AUni ws="fr">fam</AUni>
</Abbreviation7>
</CmPossibility>
<CmPossibility>
<ForeColor7>
<Integer val="-1073741824"/>
</ForeColor7>
<BackColor7>
<Integer val="-1073741824"/>
</BackColor7>
<UnderColor7>
<Integer val="-1073741824"/>
</UnderColor7>
<Name7>
<AUni ws="es">formal</AUni>
<AUni ws="en">formal</AUni>
<AUni ws="fr">soigné</AUni>
</Name7>
<Abbreviation7>
<AUni ws="es">form</AUni>
<AUni ws="en">form</AUni>
<AUni ws="fr">sgn</AUni>
</Abbreviation7>
</CmPossibility>
<CmPossibility>
<ForeColor7>
<Integer val="-1073741824"/>
</ForeColor7>
<BackColor7>
<Integer val="-1073741824"/>
</BackColor7>
<UnderColor7>
<Integer val="-1073741824"/>
</UnderColor7>
<Name7>
<AUni ws="es">histórico</AUni>
<AUni ws="en">historical</AUni>
<AUni ws="fr">historique</AUni>
</Name7>
<Abbreviation7>
<AUni ws="es">hist</AUni>
<AUni ws="en">hist</AUni>
<AUni ws="fr">hist</AUni>
</Abbreviation7>
</CmPossibility>
<CmPossibility>
<ForeColor7>
<Integer val="-1073741824"/>
</ForeColor7>
<BackColor7>
<Integer val="-1073741824"/>
</BackColor7>
<UnderColor7>
<Integer val="-1073741824"/>
</UnderColor7>
<Name7>
<AUni ws="es">honorífico</AUni>
<AUni ws="en">honorific</AUni>
<AUni ws="fr">honorifique</AUni>
</Name7>
<Abbreviation7>
<AUni ws="es">hon</AUni>
<AUni ws="en">hon</AUni>
<AUni ws="fr">hon</AUni>
</Abbreviation7>
</CmPossibility>
<CmPossibility>
<ForeColor7>
<Integer val="-1073741824"/>
</ForeColor7>
<BackColor7>
<Integer val="-1073741824"/>
</BackColor7>
<UnderColor7>
<Integer val="-1073741824"/>
</UnderColor7>
<Name7>
<AUni ws="es">informal</AUni>
<AUni ws="en">informal</AUni>
<AUni ws="fr">de la conversation</AUni>
</Name7>
<Abbreviation7>
<AUni ws="es">inform</AUni>
<AUni ws="en">inform</AUni>
<AUni ws="fr">cnvrs</AUni>
</Abbreviation7>
</CmPossibility>
<CmPossibility>
<ForeColor7>
<Integer val="-1073741824"/>
</ForeColor7>
<BackColor7>
<Integer val="-1073741824"/>
</BackColor7>
<UnderColor7>
<Integer val="-1073741824"/>
</UnderColor7>
<Name7>
<AUni ws="es">no estandarte</AUni>
<AUni ws="en">non-standard</AUni>
<AUni ws="fr">non-standard</AUni>
</Name7>
<Abbreviation7>
<AUni ws="es">no estd</AUni>
<AUni ws="en">non std</AUni>
<AUni ws="fr">non std</AUni>
</Abbreviation7>
</CmPossibility>
<CmPossibility>
<ForeColor7>
<Integer val="-1073741824"/>
</ForeColor7>
<BackColor7>
<Integer val="-1073741824"/>
</BackColor7>
<UnderColor7>
<Integer val="-1073741824"/>
</UnderColor7>
<Name7>
<AUni ws="es">obsoleto</AUni>
<AUni ws="en">obsolete</AUni>
<AUni ws="fr">obsolète</AUni>
</Name7>
<Abbreviation7>
<AUni ws="es">obso</AUni>
<AUni ws="en">obso</AUni>
<AUni ws="fr">obso</AUni>
</Abbreviation7>
</CmPossibility>
<CmPossibility>
<ForeColor7>
<Integer val="-1073741824"/>
</ForeColor7>
<BackColor7>
<Integer val="-1073741824"/>
</BackColor7>
<UnderColor7>
<Integer val="-1073741824"/>
</UnderColor7>
<Name7>
<AUni ws="es">anticuado</AUni>
<AUni ws="en">old-fashioned</AUni>
<AUni ws="fr">démodé</AUni>
</Name7>
<Abbreviation7>
<AUni ws="es">antic</AUni>
<AUni ws="en">oldfash</AUni>
<AUni ws="fr">dmd</AUni>
</Abbreviation7>
</CmPossibility>
<CmPossibility>
<ForeColor7>
<Integer val="-1073741824"/>
</ForeColor7>
<BackColor7>
<Integer val="-1073741824"/>
</BackColor7>
<UnderColor7>
<Integer val="-1073741824"/>
</UnderColor7>
<Name7>
<AUni ws="es">raro</AUni>
<AUni ws="en">rare</AUni>
<AUni ws="fr">rare</AUni>
</Name7>
<Abbreviation7>
<AUni ws="es">rare</AUni>
<AUni ws="en">rare</AUni>
<AUni ws="fr">rare</AUni>
</Abbreviation7>
</CmPossibility>
<CmPossibility>
<ForeColor7>
<Integer val="-1073741824"/>
</ForeColor7>
<BackColor7>
<Integer val="-1073741824"/>
</BackColor7>
<UnderColor7>
<Integer val="-1073741824"/>
</UnderColor7>
<Name7>
<AUni ws="es">registro</AUni>
<AUni ws="en">register</AUni>
<AUni ws="fr">registre</AUni>
</Name7>
<Abbreviation7>
<AUni ws="es">reg</AUni>
<AUni ws="en">reg</AUni>
<AUni ws="fr">reg</AUni>
</Abbreviation7>
<SubPossibilities7>
<CmPossibility>
<ForeColor7>
<Integer val="-1073741824"/>
</ForeColor7>
<BackColor7>
<Integer val="-1073741824"/>
</BackColor7>
<UnderColor7>
<Integer val="-1073741824"/>
</UnderColor7>
<Name7>
<AUni ws="es">básico</AUni>
<AUni ws="en">basic</AUni>
<AUni ws="fr">de base</AUni>
</Name7>
<Abbreviation7>
<AUni ws="es">reg bás</AUni>
<AUni ws="en">bas reg</AUni>
<AUni ws="fr">bas reg</AUni>
</Abbreviation7>
</CmPossibility>
<CmPossibility>
<ForeColor7>
<Integer val="-1073741824"/>
</ForeColor7>
<BackColor7>
<Integer val="-1073741824"/>
</BackColor7>
<UnderColor7>
<Integer val="-1073741824"/>
</UnderColor7>
<Name7>
<AUni ws="es">alto</AUni>
<AUni ws="en">high</AUni>
<AUni ws="fr">haut</AUni>
</Name7>
<Abbreviation7>
<AUni ws="es">reg alt</AUni>
<AUni ws="en">hi reg</AUni>
<AUni ws="fr">ht reg</AUni>
</Abbreviation7>
</CmPossibility>
<CmPossibility>
<ForeColor7>
<Integer val="-1073741824"/>
</ForeColor7>
<BackColor7>
<Integer val="-1073741824"/>
</BackColor7>
<UnderColor7>
<Integer val="-1073741824"/>
</UnderColor7>
<Name7>
<AUni ws="es">bajo</AUni>
<AUni ws="en">low</AUni>
<AUni ws="fr">bas</AUni>
</Name7>
<Abbreviation7>
<AUni ws="es">reg baj</AUni>
<AUni ws="en">low reg</AUni>
<AUni ws="fr">bs reg</AUni>
</Abbreviation7>
</CmPossibility>
<CmPossibility>
<ForeColor7>
<Integer val="-1073741824"/>
</ForeColor7>
<BackColor7>
<Integer val="-1073741824"/>
</BackColor7>
<UnderColor7>
<Integer val="-1073741824"/>
</UnderColor7>
<Name7>
<AUni ws="es">medial</AUni>
<AUni ws="en">mid</AUni>
<AUni ws="fr">du milieu</AUni>
</Name7>
<Abbreviation7>
<AUni ws="es">reg med</AUni>
<AUni ws="en">mid reg</AUni>
<AUni ws="fr">ml reg</AUni>
</Abbreviation7>
</CmPossibility>
</SubPossibilities7>
</CmPossibility>
<CmPossibility>
<ForeColor7>
<Integer val="-1073741824"/>
</ForeColor7>
<BackColor7>
<Integer val="-1073741824"/>
</BackColor7>
<UnderColor7>
<Integer val="-1073741824"/>
</UnderColor7>
<Name7>
<AUni ws="es">restrictivo</AUni>
<AUni ws="en">restrictive</AUni>
<AUni ws="fr">restrictif</AUni>
</Name7>
<Abbreviation7>
<AUni ws="es">rest</AUni>
<AUni ws="en">rest</AUni>
<AUni ws="fr">rest</AUni>
</Abbreviation7>
<SubPossibilities7>
<CmPossibility>
<ForeColor7>
<Integer val="-1073741824"/>
</ForeColor7>
<BackColor7>
<Integer val="-1073741824"/>
</BackColor7>
<UnderColor7>
<Integer val="-1073741824"/>
</UnderColor7>
<Name7>
<AUni ws="es">animal</AUni>
<AUni ws="en">animal</AUni>
<AUni ws="fr">animal</AUni>
</Name7>
<Abbreviation7>
<AUni ws="es">anml</AUni>
<AUni ws="en">anml</AUni>
<AUni ws="fr">anml</AUni>
</Abbreviation7>
</CmPossibility>
<CmPossibility>
<ForeColor7>
<Integer val="-1073741824"/>
</ForeColor7>
<BackColor7>
<Integer val="-1073741824"/>
</BackColor7>
<UnderColor7>
<Integer val="-1073741824"/>
</UnderColor7>
<Name7>
<AUni ws="es">humano</AUni>
<AUni ws="en">human</AUni>
<AUni ws="fr">humain</AUni>
</Name7>
<Abbreviation7>
<AUni ws="es">hum</AUni>
<AUni ws="en">hum</AUni>
<AUni ws="fr">hum</AUni>
</Abbreviation7>
<SubPossibilities7>
<CmPossibility>
<ForeColor7>
<Integer val="-1073741824"/>
</ForeColor7>
<BackColor7>
<Integer val="-1073741824"/>
</BackColor7>
<UnderColor7>
<Integer val="-1073741824"/>
</UnderColor7>
<Name7>
<AUni ws="es">feminino</AUni>
<AUni ws="en">female</AUni>
<AUni ws="fr">femelle</AUni>
</Name7>
<Abbreviation7>
<AUni ws="es">f</AUni>
<AUni ws="en">f</AUni>
<AUni ws="fr">f</AUni>
</Abbreviation7>
</CmPossibility>
<CmPossibility>
<ForeColor7>
<Integer val="-1073741824"/>
</ForeColor7>
<BackColor7>
<Integer val="-1073741824"/>
</BackColor7>
<UnderColor7>
<Integer val="-1073741824"/>
</UnderColor7>
<Name7>
<AUni ws="es">masculino</AUni>
<AUni ws="en">male</AUni>
<AUni ws="fr">mâle</AUni>
</Name7>
<Abbreviation7>
<AUni ws="es">m</AUni>
<AUni ws="en">m</AUni>
<AUni ws="fr">m</AUni>
</Abbreviation7>
</CmPossibility>
<CmPossibility>
<ForeColor7>
<Integer val="-1073741824"/>
</ForeColor7>
<BackColor7>
<Integer val="-1073741824"/>
</BackColor7>
<UnderColor7>
<Integer val="-1073741824"/>
</UnderColor7>
<Name7>
<AUni ws="es">hermano/a del mismo sexo</AUni>
<AUni ws="en">same sex sibling</AUni>
<AUni ws="fr">frère ou soeur du même sexe</AUni>
</Name7>
<Abbreviation7>
<AUni ws="es">herm</AUni>
<AUni ws="en">sib</AUni>
<AUni ws="fr">frsrmsx</AUni>
</Abbreviation7>
</CmPossibility>
</SubPossibilities7>
</CmPossibility>
<CmPossibility>
<ForeColor7>
<Integer val="-1073741824"/>
</ForeColor7>
<BackColor7>
<Integer val="-1073741824"/>
</BackColor7>
<UnderColor7>
<Integer val="-1073741824"/>
</UnderColor7>
<Name7>
<AUni ws="es">obsceno</AUni>
<AUni ws="en">obscene</AUni>
<AUni ws="fr">obscène</AUni>
</Name7>
<Abbreviation7>
<AUni ws="es">obsc</AUni>
<AUni ws="en">obsc</AUni>
<AUni ws="fr">obsc</AUni>
</Abbreviation7>
</CmPossibility>
<CmPossibility>
<ForeColor7>
<Integer val="-1073741824"/>
</ForeColor7>
<BackColor7>
<Integer val="-1073741824"/>
</BackColor7>
<UnderColor7>
<Integer val="-1073741824"/>
</UnderColor7>
<Name7>
<AUni ws="es">ofensivo</AUni>
<AUni ws="en">offensive</AUni>
<AUni ws="fr">offensant</AUni>
</Name7>
<Abbreviation7>
<AUni ws="es">ofe</AUni>
<AUni ws="en">off</AUni>
<AUni ws="fr">off</AUni>
</Abbreviation7>
</CmPossibility>
<CmPossibility>
<ForeColor7>
<Integer val="-1073741824"/>
</ForeColor7>
<BackColor7>
<Integer val="-1073741824"/>
</BackColor7>
<UnderColor7>
<Integer val="-1073741824"/>
</UnderColor7>
<Name7>
<AUni ws="es">tabú</AUni>
<AUni ws="en">taboo</AUni>
<AUni ws="fr">tabou</AUni>
</Name7>
<Abbreviation7>
<AUni ws="es">tab</AUni>
<AUni ws="en">tab</AUni>
<AUni ws="fr">tab</AUni>
</Abbreviation7>
</CmPossibility>
</SubPossibilities7>
</CmPossibility>
<CmPossibility>
<ForeColor7>
<Integer val="-1073741824"/>
</ForeColor7>
<BackColor7>
<Integer val="-1073741824"/>
</BackColor7>
<UnderColor7>
<Integer val="-1073741824"/>
</UnderColor7>
<Name7>
<AUni ws="es">jerga</AUni>
<AUni ws="en">slang</AUni>
<AUni ws="fr">argot</AUni>
</Name7>
<Abbreviation7>
<AUni ws="es">jer</AUni>
<AUni ws="en">slg</AUni>
<AUni ws="fr">argt</AUni>
</Abbreviation7>
</CmPossibility>
<CmPossibility>
<ForeColor7>
<Integer val="-1073741824"/>
</ForeColor7>
<BackColor7>
<Integer val="-1073741824"/>
</BackColor7>
<UnderColor7>
<Integer val="-1073741824"/>
</UnderColor7>
<Name7>
<AUni ws="es">tradicional</AUni>
<AUni ws="en">traditional</AUni>
<AUni ws="fr">traditionnel</AUni>
</Name7>
<Abbreviation7>
<AUni ws="es">trad</AUni>
<AUni ws="en">trad</AUni>
<AUni ws="fr">trad</AUni>
</Abbreviation7>
</CmPossibility>
</Possibilities8>
</CmPossibilityList>
</UsageTypes5005>
<Status5005>
<CmPossibilityList id="SenseStatusList">
<WsSelector8>
<Integer val="-3"/>
</WsSelector8>
<Depth8>
<Integer val="1"/>
</Depth8>
<ItemClsid8>
<Integer val="7"/>
</ItemClsid8>
<Name5>
<AUni ws="en">Sense Status</AUni>
</Name5>
<Abbreviation8>
<AUni ws="en">SenStat</AUni>
</Abbreviation8>
<Possibilities8>
<CmPossibility>
<Name7>
<AUni ws="en">Confirmed</AUni>
</Name7>
<Abbreviation7>
<AUni ws="en">Conf</AUni>
</Abbreviation7>
</CmPossibility>
<CmPossibility>
<Name7>
<AUni ws="en">Approved</AUni>
</Name7>
<Abbreviation7>
<AUni ws="en">Appr</AUni>
</Abbreviation7>
</CmPossibility>
<CmPossibility>
<Name7>
<AUni ws="en">Tentative</AUni>
</Name7>
<Abbreviation7>
<AUni ws="en">Tent</AUni>
</Abbreviation7>
</CmPossibility>
</Possibilities8>
</CmPossibilityList>
</Status5005>
<DomainTypes5005>
<CmPossibilityList>
<IsSorted8>
<Boolean val="true"/>
</IsSorted8>
<ItemClsid8>
<Integer val="7"/>
</ItemClsid8>
<WsSelector8>
<Integer val="-3"/>
</WsSelector8>
<Name5>
<AUni ws="es">Disciplinas Académicas</AUni>
<AUni ws="en">Domain Types</AUni>
<AUni ws="fr">Types de Domaines</AUni>
</Name5>
<Abbreviation8>
<AUni ws="en">DomTyp</AUni>
</Abbreviation8>
<Possibilities8>
<CmPossibility>
<ForeColor7>
<Integer val="-1073741824"/>
</ForeColor7>
<BackColor7>
<Integer val="-1073741824"/>
</BackColor7>
<UnderColor7>
<Integer val="-1073741824"/>
</UnderColor7>
<Name7>
<AUni ws="es">anatomía</AUni>
<AUni ws="en">anatomy</AUni>
<AUni ws="fr">anatomie</AUni>
</Name7>
<Abbreviation7>
<AUni ws="es">Anat</AUni>
<AUni ws="en">Anat</AUni>
<AUni ws="fr">Anat</AUni>
</Abbreviation7>
</CmPossibility>
<CmPossibility>
<ForeColor7>
<Integer val="-1073741824"/>
</ForeColor7>
<BackColor7>
<Integer val="-1073741824"/>
</BackColor7>
<UnderColor7>
<Integer val="-1073741824"/>
</UnderColor7>
<Name7>
<AUni ws="es">antropología</AUni>
<AUni ws="en">anthropology</AUni>
<AUni ws="fr">anthropologie</AUni>
</Name7>
<Abbreviation7>
<AUni ws="es">Antro</AUni>
<AUni ws="en">Anthro</AUni>
<AUni ws="fr">Anthro</AUni>
</Abbreviation7>
<SubPossibilities7>
<CmPossibility>
<SortSpec7>
<Integer val="99"/>
</SortSpec7>
<ForeColor7>
<Integer val="-1073741824"/>
</ForeColor7>
<BackColor7>
<Integer val="-1073741824"/>
</BackColor7>
<UnderColor7>
<Integer val="-1073741824"/>
</UnderColor7>
<Name7>
<AUni ws="es">antropología cultural</AUni>
<AUni ws="en">cultural anthropology</AUni>
<AUni ws="fr">anthropologie culturelle</AUni>
</Name7>
<Abbreviation7>
<AUni ws="es">Antro cult</AUni>
<AUni ws="en">Cult anthro</AUni>
<AUni ws="fr">Anthro cult</AUni>
</Abbreviation7>
<SubPossibilities7>
<CmPossibility>
<ForeColor7>
<Integer val="-1073741824"/>
</ForeColor7>
<BackColor7>
<Integer val="-1073741824"/>
</BackColor7>
<UnderColor7>
<Integer val="-1073741824"/>
</UnderColor7>
<Name7>
<AUni ws="es">adaptación trans-cultural</AUni>
<AUni ws="en">cross cultural adaptation</AUni>
<AUni ws="fr">adaptation transculturelle</AUni>
</Name7>
<Abbreviation7>
<AUni ws="es">adap cult</AUni>
<AUni ws="en">crclt adapt</AUni>
<AUni ws="fr">Adapt cult</AUni>
</Abbreviation7>
</CmPossibility>
</SubPossibilities7>
</CmPossibility>
</SubPossibilities7>
</CmPossibility>
<CmPossibility>
<ForeColor7>
<Integer val="-1073741824"/>
</ForeColor7>
<BackColor7>
<Integer val="-1073741824"/>
</BackColor7>
<UnderColor7>
<Integer val="-1073741824"/>
</UnderColor7>
<Name7>
<AUni ws="es">inteligencia artificial</AUni>
<AUni ws="en">artificial intelligence</AUni>
<AUni ws="fr">intelligence artificielle</AUni>
</Name7>
<Abbreviation7>
<AUni ws="es">Intel artif</AUni>
<AUni ws="en">Artintel</AUni>
<AUni ws="fr">Intel artif</AUni>
</Abbreviation7>
</CmPossibility>
<CmPossibility>
<ForeColor7>
<Integer val="-1073741824"/>
</ForeColor7>
<BackColor7>
<Integer val="-1073741824"/>
</BackColor7>
<UnderColor7>
<Integer val="-1073741824"/>
</UnderColor7>
<Name7>
<AUni ws="es">ciencia de computadores</AUni>
<AUni ws="en">computer science</AUni>
<AUni ws="fr">informatique</AUni>
</Name7>
<Abbreviation7>
<AUni ws="es">Cien comp</AUni>
<AUni ws="en">Comp sci</AUni>
<AUni ws="fr">Inform</AUni>
</Abbreviation7>
</CmPossibility>
<CmPossibility>
<ForeColor7>
<Integer val="-1073741824"/>
</ForeColor7>
<BackColor7>
<Integer val="-1073741824"/>
</BackColor7>
<UnderColor7>
<Integer val="-1073741824"/>
</UnderColor7>
<Name7>
<AUni ws="es">educación</AUni>
<AUni ws="en">education</AUni>
<AUni ws="fr">education</AUni>
</Name7>
<Abbreviation7>
<AUni ws="es">Ed</AUni>
<AUni ws="en">Ed</AUni>
<AUni ws="fr">Ed</AUni>
</Abbreviation7>
</CmPossibility>
<CmPossibility>
<ForeColor7>
<Integer val="-1073741824"/>
</ForeColor7>
<BackColor7>
<Integer val="-1073741824"/>
</BackColor7>
<UnderColor7>
<Integer val="-1073741824"/>
</UnderColor7>
<Name7>
<AUni ws="es">grafología ...</AUni>
<AUni ws="en">graphology</AUni>
<AUni ws="fr">graphologie</AUni>
</Name7>
<Abbreviation7>
<AUni ws="es">Graf</AUni>
<AUni ws="en">Graph</AUni>
<AUni ws="fr">Graph</AUni>
</Abbreviation7>
</CmPossibility>
<CmPossibility>
<ForeColor7>
<Integer val="-1073741824"/>
</ForeColor7>
<BackColor7>
<Integer val="-1073741824"/>
</BackColor7>
<UnderColor7>
<Integer val="-1073741824"/>
</UnderColor7>
<Name7>
<AUni ws="es">aprendizaje de lenguaje</AUni>
<AUni ws="en">language learning</AUni>
<AUni ws="fr">apprentissage de la langue</AUni>
</Name7>
<Abbreviation7>
<AUni ws="en">lang lrn</AUni>
<AUni ws="fr">Appr lang</AUni>
</Abbreviation7>
</CmPossibility>
<CmPossibility>
<ForeColor7>
<Integer val="-1073741824"/>
</ForeColor7>
<BackColor7>
<Integer val="-1073741824"/>
</BackColor7>
<UnderColor7>
<Integer val="-1073741824"/>
</UnderColor7>
<Name7>
<AUni ws="es">jurídica</AUni>
<AUni ws="en">legal</AUni>
<AUni ws="fr">juridique</AUni>
</Name7>
<Abbreviation7>
<AUni ws="es">Jur</AUni>
<AUni ws="en">Leg</AUni>
<AUni ws="fr">Jur</AUni>
</Abbreviation7>
</CmPossibility>
<CmPossibility>
<ForeColor7>
<Integer val="-1073741824"/>
</ForeColor7>
<BackColor7>
<Integer val="-1073741824"/>
</BackColor7>
<UnderColor7>
<Integer val="-1073741824"/>
</UnderColor7>
<Name7>
<AUni ws="es">lingüística</AUni>
<AUni ws="en">linguistics</AUni>
<AUni ws="fr">linguistique</AUni>
</Name7>
<Abbreviation7>
<AUni ws="es">Ling</AUni>
<AUni ws="en">Ling</AUni>
<AUni ws="fr">Ling</AUni>
</Abbreviation7>
<SubPossibilities7>
<CmPossibility>
<ForeColor7>
<Integer val="-1073741824"/>
</ForeColor7>
<BackColor7>
<Integer val="-1073741824"/>
</BackColor7>
<UnderColor7>
<Integer val="-1073741824"/>
</UnderColor7>
<Name7>
<AUni ws="es">lingüística aplicada</AUni>
<AUni ws="en">applied linguistics</AUni>
<AUni ws="fr">linguistique appliquée</AUni>
</Name7>
<Abbreviation7>
<AUni ws="es">Ling apl</AUni>
<AUni ws="en">App ling</AUni>
<AUni ws="fr">Ling appl</AUni>
</Abbreviation7>
</CmPossibility>
<CmPossibility>
<ForeColor7>
<Integer val="-1073741824"/>
</ForeColor7>
<BackColor7>
<Integer val="-1073741824"/>
</BackColor7>
<UnderColor7>
<Integer val="-1073741824"/>
</UnderColor7>
<Name7>
<AUni ws="es">lingüística comparativa</AUni>
<AUni ws="en">comparative linguistics</AUni>
<AUni ws="fr">linguistique comparative</AUni>
</Name7>
<Abbreviation7>
<AUni ws="es">Ling comp</AUni>
<AUni ws="en">Comp ling</AUni>
<AUni ws="fr">Ling comp</AUni>
</Abbreviation7>
</CmPossibility>
<CmPossibility>
<ForeColor7>
<Integer val="-1073741824"/>
</ForeColor7>
<BackColor7>
<Integer val="-1073741824"/>
</BackColor7>
<UnderColor7>
<Integer val="-1073741824"/>
</UnderColor7>
<Name7>
<AUni ws="es">gramática</AUni>
<AUni ws="en">grammar</AUni>
<AUni ws="fr">grammaire</AUni>
</Name7>
<Abbreviation7>
<AUni ws="es">Gramá</AUni>
<AUni ws="en">Gramm</AUni>
<AUni ws="fr">Gramm</AUni>
</Abbreviation7>
<SubPossibilities7>
<CmPossibility>
<ForeColor7>
<Integer val="-1073741824"/>
</ForeColor7>
<BackColor7>
<Integer val="-1073741824"/>
</BackColor7>
<UnderColor7>
<Integer val="-1073741824"/>
</UnderColor7>
<Name7>
<AUni ws="es">discurso</AUni>
<AUni ws="en">discourse</AUni>
<AUni ws="fr">discours</AUni>
</Name7>
<Abbreviation7>
<AUni ws="es">Disc</AUni>
<AUni ws="en">Disc</AUni>
<AUni ws="fr">Disc</AUni>
</Abbreviation7>
</CmPossibility>
<CmPossibility>
<ForeColor7>
<Integer val="-1073741824"/>
</ForeColor7>
<BackColor7>
<Integer val="-1073741824"/>
</BackColor7>
<UnderColor7>
<Integer val="-1073741824"/>
</UnderColor7>
<Name7>
<AUni ws="es">morfología</AUni>
<AUni ws="en">morphology</AUni>
<AUni ws="fr">morphologie</AUni>
</Name7>
<Abbreviation7>
<AUni ws="es">Morfo</AUni>
<AUni ws="en">Morph</AUni>
<AUni ws="fr">Morph</AUni>
</Abbreviation7>
</CmPossibility>
<CmPossibility>
<ForeColor7>
<Integer val="-1073741824"/>
</ForeColor7>
<BackColor7>
<Integer val="-1073741824"/>
</BackColor7>
<UnderColor7>
<Integer val="-1073741824"/>
</UnderColor7>
<Name7>
<AUni ws="es">sintaxis</AUni>
<AUni ws="en">syntax</AUni>
<AUni ws="fr">syntaxe</AUni>
</Name7>
<Abbreviation7>
<AUni ws="es">Sint</AUni>
<AUni ws="en">Synt</AUni>
<AUni ws="fr">Synt</AUni>
</Abbreviation7>
</CmPossibility>
</SubPossibilities7>
</CmPossibility>
<CmPossibility>
<ForeColor7>
<Integer val="-1073741824"/>
</ForeColor7>
<BackColor7>
<Integer val="-1073741824"/>
</BackColor7>
<UnderColor7>
<Integer val="-1073741824"/>
</UnderColor7>
<Name7>
<AUni ws="es">lingüística histórica</AUni>
<AUni ws="en">historical linguistics</AUni>
<AUni ws="fr">linguistique historique</AUni>
</Name7>
<Abbreviation7>
<AUni ws="es">Ling hist</AUni>
<AUni ws="en">Hist ling</AUni>
<AUni ws="fr">Ling hist</AUni>
</Abbreviation7>
</CmPossibility>
<CmPossibility>
<ForeColor7>
<Integer val="-1073741824"/>
</ForeColor7>
<BackColor7>
<Integer val="-1073741824"/>
</BackColor7>
<UnderColor7>
<Integer val="-1073741824"/>
</UnderColor7>
<Name7>
<AUni ws="es">lexicografía</AUni>
<AUni ws="en">lexicography</AUni>
<AUni ws="fr">lexicographie</AUni>
</Name7>
<Abbreviation7>
<AUni ws="es">Lexicog</AUni>
<AUni ws="en">Lexicog</AUni>
<AUni ws="fr">Lexicog</AUni>
</Abbreviation7>
</CmPossibility>
<CmPossibility>
<ForeColor7>
<Integer val="-1073741824"/>
</ForeColor7>
<BackColor7>
<Integer val="-1073741824"/>
</BackColor7>
<UnderColor7>
<Integer val="-1073741824"/>
</UnderColor7>
<Name7>
<AUni ws="es">lexicología</AUni>
<AUni ws="en">lexicology</AUni>
<AUni ws="fr">lexicologie</AUni>
</Name7>
<Abbreviation7>
<AUni ws="es">Lexicol</AUni>
<AUni ws="en">Lexicol</AUni>
<AUni ws="fr">Lexicol</AUni>
</Abbreviation7>
</CmPossibility>
<CmPossibility>
<ForeColor7>
<Integer val="-1073741824"/>
</ForeColor7>
<BackColor7>
<Integer val="-1073741824"/>
</BackColor7>
<UnderColor7>
<Integer val="-1073741824"/>
</UnderColor7>
<Name7>
<AUni ws="es">fonética</AUni>
<AUni ws="en">phonetics</AUni>
<AUni ws="fr">phonétique</AUni>
</Name7>
<Abbreviation7>
<AUni ws="es">Fone</AUni>
<AUni ws="en">Phon</AUni>
<AUni ws="fr">Phon</AUni>
</Abbreviation7>
<SubPossibilities7>
<CmPossibility>
<ForeColor7>
<Integer val="-1073741824"/>
</ForeColor7>
<BackColor7>
<Integer val="-1073741824"/>
</BackColor7>
<UnderColor7>
<Integer val="-1073741824"/>
</UnderColor7>
<Name7>
<AUni ws="es">fonética acústica</AUni>
<AUni ws="en">acoustic phonetics</AUni>
<AUni ws="fr">phonétique acoustique</AUni>
</Name7>
<Abbreviation7>
<AUni ws="es">Fone acúst</AUni>
<AUni ws="en">Acous phon</AUni>
<AUni ws="fr">Phon acous</AUni>
</Abbreviation7>
</CmPossibility>
<CmPossibility>
<ForeColor7>
<Integer val="-1073741824"/>
</ForeColor7>
<BackColor7>
<Integer val="-1073741824"/>
</BackColor7>
<UnderColor7>
<Integer val="-1073741824"/>
</UnderColor7>
<Name7>
<AUni ws="es">fonética articulatoria</AUni>
<AUni ws="en">articulatory phonetics</AUni>
<AUni ws="fr">phonétique ariculatoire</AUni>
</Name7>
<Abbreviation7>
<AUni ws="es">Fone artic</AUni>
<AUni ws="en">Art phon</AUni>
<AUni ws="fr">Phon artic</AUni>
</Abbreviation7>
</CmPossibility>
</SubPossibilities7>
</CmPossibility>
<CmPossibility>
<ForeColor7>
<Integer val="-1073741824"/>
</ForeColor7>
<BackColor7>
<Integer val="-1073741824"/>
</BackColor7>
<UnderColor7>
<Integer val="-1073741824"/>
</UnderColor7>
<Name7>
<AUni ws="es">fonología</AUni>
<AUni ws="en">phonology</AUni>
<AUni ws="fr">phonologie</AUni>
</Name7>
<Abbreviation7>
<AUni ws="es">Fono</AUni>
<AUni ws="en">Phono</AUni>
<AUni ws="fr">Phono</AUni>
</Abbreviation7>
<SubPossibilities7>
<CmPossibility>
<ForeColor7>
<Integer val="-1073741824"/>
</ForeColor7>
<BackColor7>
<Integer val="-1073741824"/>
</BackColor7>
<UnderColor7>
<Integer val="-1073741824"/>
</UnderColor7>
<Name7>
<AUni ws="es">fonología autosegmental</AUni>
<AUni ws="en">autosegmental phonology</AUni>
<AUni ws="fr">phonologie autosegmentale</AUni>
</Name7>
<Abbreviation7>
<AUni ws="es">Fono autoseg</AUni>
<AUni ws="en">Autoseg phono</AUni>
<AUni ws="fr">Phono autoseg</AUni>
</Abbreviation7>
</CmPossibility>
<CmPossibility>
<ForeColor7>
<Integer val="-1073741824"/>
</ForeColor7>
<BackColor7>
<Integer val="-1073741824"/>
</BackColor7>
<UnderColor7>
<Integer val="-1073741824"/>
</UnderColor7>
<Name7>
<AUni ws="es">fonología generativa</AUni>
<AUni ws="en">generative phonology</AUni>
<AUni ws="fr">phonologie générative</AUni>
</Name7>
<Abbreviation7>
<AUni ws="es">Fono gen</AUni>
<AUni ws="en">Gen phono</AUni>
<AUni ws="fr">Phono gen</AUni>
</Abbreviation7>
</CmPossibility>
<CmPossibility>
<ForeColor7>
<Integer val="-1073741824"/>
</ForeColor7>
<BackColor7>
<Integer val="-1073741824"/>
</BackColor7>
<UnderColor7>
<Integer val="-1073741824"/>
</UnderColor7>
<Name7>
<AUni ws="es">fonología lexical</AUni>
<AUni ws="en">lexical phonology</AUni>
<AUni ws="fr">phonologie lexicale</AUni>
</Name7>
<Abbreviation7>
<AUni ws="es">Fono lex</AUni>
<AUni ws="en">Lex phono</AUni>
<AUni ws="fr">Phono lex</AUni>
</Abbreviation7>
</CmPossibility>
<CmPossibility>
<ForeColor7>
<Integer val="-1073741824"/>
</ForeColor7>
<BackColor7>
<Integer val="-1073741824"/>
</BackColor7>
<UnderColor7>
<Integer val="-1073741824"/>
</UnderColor7>
<Name7>
<AUni ws="es">fonología métrica</AUni>
<AUni ws="en">metrical phonology</AUni>
<AUni ws="fr">phonologie métrique</AUni>
</Name7>
<Abbreviation7>
<AUni ws="es">Fono met</AUni>
<AUni ws="en">Met phono</AUni>
<AUni ws="fr">Phono mét</AUni>
</Abbreviation7>
</CmPossibility>
<CmPossibility>
<ForeColor7>
<Integer val="-1073741824"/>
</ForeColor7>
<BackColor7>
<Integer val="-1073741824"/>
</BackColor7>
<UnderColor7>
<Integer val="-1073741824"/>
</UnderColor7>
<Name7>
<AUni ws="es">fonología inlinear</AUni>
<AUni ws="en">non-linear phonology</AUni>
<AUni ws="fr">phonologie non-linéaire</AUni>
</Name7>
<Abbreviation7>
<AUni ws="es">Fono inlin</AUni>
<AUni ws="en">Non-lin phono</AUni>
<AUni ws="fr">Phono-nlin</AUni>
</Abbreviation7>
</CmPossibility>
<CmPossibility>
<ForeColor7>
<Integer val="-1073741824"/>
</ForeColor7>
<BackColor7>
<Integer val="-1073741824"/>
</BackColor7>
<UnderColor7>
<Integer val="-1073741824"/>
</UnderColor7>
<Name7>
<AUni ws="es">fonémica</AUni>
<AUni ws="en">phonemics</AUni>
<AUni ws="fr">phonémique</AUni>
</Name7>
<Abbreviation7>
<AUni ws="es">Foné</AUni>
<AUni ws="en">Phonm</AUni>
<AUni ws="fr">Phonm</AUni>
</Abbreviation7>
</CmPossibility>
</SubPossibilities7>
</CmPossibility>
<CmPossibility>
<ForeColor7>
<Integer val="-1073741824"/>
</ForeColor7>
<BackColor7>
<Integer val="-1073741824"/>
</BackColor7>
<UnderColor7>
<Integer val="-1073741824"/>
</UnderColor7>
<Name7>
<AUni ws="es">pragmática</AUni>
<AUni ws="en">pragmatics</AUni>
<AUni ws="fr">pragmatique</AUni>
</Name7>
<Abbreviation7>
<AUni ws="es">Prag</AUni>
<AUni ws="en">Prag</AUni>
<AUni ws="fr">Prag</AUni>
</Abbreviation7>
</CmPossibility>
<CmPossibility>
<ForeColor7>
<Integer val="-1073741824"/>
</ForeColor7>
<BackColor7>
<Integer val="-1073741824"/>
</BackColor7>
<UnderColor7>
<Integer val="-1073741824"/>
</UnderColor7>
<Name7>
<AUni ws="es">semántica</AUni>
<AUni ws="en">semantics</AUni>
<AUni ws="fr">sémantique</AUni>
</Name7>
<Abbreviation7>
<AUni ws="es">Sem</AUni>
<AUni ws="en">Sem</AUni>
<AUni ws="fr">Sém</AUni>
</Abbreviation7>
</CmPossibility>
<CmPossibility>
<ForeColor7>
<Integer val="-1073741824"/>
</ForeColor7>
<BackColor7>
<Integer val="-1073741824"/>
</BackColor7>
<UnderColor7>
<Integer val="-1073741824"/>
</UnderColor7>
<Name7>
<AUni ws="es">semiótica</AUni>
<AUni ws="en">semiotics</AUni>
<AUni ws="fr">sémiotique</AUni>
</Name7>
<Abbreviation7>
<AUni ws="es">Semiot</AUni>
<AUni ws="en">Semiot</AUni>
<AUni ws="fr">Sémiot</AUni>
</Abbreviation7>
</CmPossibility>
</SubPossibilities7>
</CmPossibility>
<CmPossibility>
<ForeColor7>
<Integer val="-1073741824"/>
</ForeColor7>
<BackColor7>
<Integer val="-1073741824"/>
</BackColor7>
<UnderColor7>
<Integer val="-1073741824"/>
</UnderColor7>
<Name7>
<AUni ws="es">alfabetización</AUni>
<AUni ws="en">literacy</AUni>
<AUni ws="fr">alphabétisation</AUni>
</Name7>
<Abbreviation7>
<AUni ws="es">Alfab</AUni>
<AUni ws="en">Lit</AUni>
<AUni ws="fr">Alphab</AUni>
</Abbreviation7>
<SubPossibilities7>
<CmPossibility>
<ForeColor7>
<Integer val="-1073741824"/>
</ForeColor7>
<BackColor7>
<Integer val="-1073741824"/>
</BackColor7>
<UnderColor7>
<Integer val="-1073741824"/>
</UnderColor7>
<Name7>
<AUni ws="en">newitem</AUni>
</Name7>
<Abbreviation7>
<AUni ws="en">newitem</AUni>
</Abbreviation7>
</CmPossibility>
</SubPossibilities7>
</CmPossibility>
<CmPossibility>
<ForeColor7>
<Integer val="-1073741824"/>
</ForeColor7>
<BackColor7>
<Integer val="-1073741824"/>
</BackColor7>
<UnderColor7>
<Integer val="-1073741824"/>
</UnderColor7>
<Name7>
<AUni ws="es">literatura</AUni>
<AUni ws="en">literature</AUni>
<AUni ws="fr">littérature</AUni>
</Name7>
<Abbreviation7>
<AUni ws="es">Lit</AUni>
<AUni ws="en">Lit</AUni>
<AUni ws="fr">Litt</AUni>
</Abbreviation7>
<SubPossibilities7>
<CmPossibility>
<ForeColor7>
<Integer val="-1073741824"/>
</ForeColor7>
<BackColor7>
<Integer val="-1073741824"/>
</BackColor7>
<UnderColor7>
<Integer val="-1073741824"/>
</UnderColor7>
<Name7>
<AUni ws="es">poesía</AUni>
<AUni ws="en">poetry</AUni>
<AUni ws="fr">poésie</AUni>
</Name7>
<Abbreviation7>
<AUni ws="es">Poes</AUni>
<AUni ws="en">Poet</AUni>
<AUni ws="fr">Poés</AUni>
</Abbreviation7>
</CmPossibility>
<CmPossibility>
<ForeColor7>
<Integer val="-1073741824"/>
</ForeColor7>
<BackColor7>
<Integer val="-1073741824"/>
</BackColor7>
<UnderColor7>
<Integer val="-1073741824"/>
</UnderColor7>
<Name7>
<AUni ws="es">retórica</AUni>
<AUni ws="en">rhetoric</AUni>
<AUni ws="fr">rhétorique</AUni>
</Name7>
<Abbreviation7>
<AUni ws="es">Ret</AUni>
<AUni ws="en">Rhet</AUni>
<AUni ws="fr">Rhét</AUni>
</Abbreviation7>
</CmPossibility>
<CmPossibility>
<ForeColor7>
<Integer val="-1073741824"/>
</ForeColor7>
<BackColor7>
<Integer val="-1073741824"/>
</BackColor7>
<UnderColor7>
<Integer val="-1073741824"/>
</UnderColor7>
<Name7>
<AUni ws="es">estilística</AUni>
<AUni ws="en">stylistics</AUni>
<AUni ws="fr">stylistique</AUni>
</Name7>
<Abbreviation7>
<AUni ws="es">Estil</AUni>
<AUni ws="en">styl</AUni>
<AUni ws="fr">styl</AUni>
</Abbreviation7>
</CmPossibility>
</SubPossibilities7>
</CmPossibility>
<CmPossibility>
<ForeColor7>
<Integer val="-1073741824"/>
</ForeColor7>
<BackColor7>
<Integer val="-1073741824"/>
</BackColor7>
<UnderColor7>
<Integer val="-1073741824"/>
</UnderColor7>
<Name7>
<AUni ws="es">lógica</AUni>
<AUni ws="en">logic</AUni>
<AUni ws="fr">logique</AUni>
</Name7>
<Abbreviation7>
<AUni ws="es">Log</AUni>
<AUni ws="en">Log</AUni>
<AUni ws="fr">Log</AUni>
</Abbreviation7>
</CmPossibility>
<CmPossibility>
<ForeColor7>
<Integer val="-1073741824"/>
</ForeColor7>
<BackColor7>
<Integer val="-1073741824"/>
</BackColor7>
<UnderColor7>
<Integer val="-1073741824"/>
</UnderColor7>
<Name7>
<AUni ws="es">matemática</AUni>
<AUni ws="en">mathematics</AUni>
<AUni ws="fr">mathématique</AUni>
</Name7>
<Abbreviation7>
<AUni ws="es">Mat</AUni>
<AUni ws="en">Math</AUni>
<AUni ws="fr">Math</AUni>
</Abbreviation7>
</CmPossibility>
<CmPossibility>
<ForeColor7>
<Integer val="-1073741824"/>
</ForeColor7>
<BackColor7>
<Integer val="-1073741824"/>
</BackColor7>
<UnderColor7>
<Integer val="-1073741824"/>
</UnderColor7>
<Name7>
<AUni ws="es">medios</AUni>
<AUni ws="en">media</AUni>
<AUni ws="fr">média</AUni>
</Name7>
<Abbreviation7>
<AUni ws="es">Medi</AUni>
<AUni ws="en">Med</AUni>
<AUni ws="fr">Médi</AUni>
</Abbreviation7>
</CmPossibility>
<CmPossibility>
<ForeColor7>
<Integer val="-1073741824"/>
</ForeColor7>
<BackColor7>
<Integer val="-1073741824"/>
</BackColor7>
<UnderColor7>
<Integer val="-1073741824"/>
</UnderColor7>
<Name7>
<AUni ws="es">medicina</AUni>
<AUni ws="en">medicine</AUni>
<AUni ws="fr">médecine</AUni>
</Name7>
<Abbreviation7>
<AUni ws="es">Med</AUni>
<AUni ws="en">Medi</AUni>
<AUni ws="fr">Méd</AUni>
</Abbreviation7>
</CmPossibility>
<CmPossibility>
<ForeColor7>
<Integer val="-1073741824"/>
</ForeColor7>
<BackColor7>
<Integer val="-1073741824"/>
</BackColor7>
<UnderColor7>
<Integer val="-1073741824"/>
</UnderColor7>
<Name7>
<AUni ws="es">filosofía</AUni>
<AUni ws="en">philosophy</AUni>
<AUni ws="fr">philosophie</AUni>
</Name7>
<Abbreviation7>
<AUni ws="es">Fil</AUni>
<AUni ws="en">Phil</AUni>
<AUni ws="fr">Philo</AUni>
</Abbreviation7>
</CmPossibility>
<CmPossibility>
<ForeColor7>
<Integer val="-1073741824"/>
</ForeColor7>
<BackColor7>
<Integer val="-1073741824"/>
</BackColor7>
<UnderColor7>
<Integer val="-1073741824"/>
</UnderColor7>
<Name7>
<AUni ws="es">psicolingüística</AUni>
<AUni ws="en">psycholinguistics</AUni>
<AUni ws="fr">psycholinguistique</AUni>
</Name7>
<Abbreviation7>
<AUni ws="es">Psicoling</AUni>
<AUni ws="en">Psycholing</AUni>
<AUni ws="fr">Psycholing</AUni>
</Abbreviation7>
</CmPossibility>
<CmPossibility>
<ForeColor7>
<Integer val="-1073741824"/>
</ForeColor7>
<BackColor7>
<Integer val="-1073741824"/>
</BackColor7>
<UnderColor7>
<Integer val="-1073741824"/>
</UnderColor7>
<Name7>
<AUni ws="es">psicología</AUni>
<AUni ws="en">psychology</AUni>
<AUni ws="fr">psychologie</AUni>
</Name7>
<Abbreviation7>
<AUni ws="es">Psic</AUni>
<AUni ws="en">Psycho</AUni>
<AUni ws="fr">Psycho</AUni>
</Abbreviation7>
</CmPossibility>
<CmPossibility>
<ForeColor7>
<Integer val="-1073741824"/>
</ForeColor7>
<BackColor7>
<Integer val="-1073741824"/>
</BackColor7>
<UnderColor7>
<Integer val="-1073741824"/>
</UnderColor7>
<Name7>
<AUni ws="es">religión</AUni>
<AUni ws="en">religion</AUni>
<AUni ws="fr">religion</AUni>
</Name7>
<Abbreviation7>
<AUni ws="es">Rel</AUni>
<AUni ws="en">Rel</AUni>
<AUni ws="fr">Rel</AUni>
</Abbreviation7>
<SubPossibilities7>
<CmPossibility>
<ForeColor7>
<Integer val="-1073741824"/>
</ForeColor7>
<BackColor7>
<Integer val="-1073741824"/>
</BackColor7>
<UnderColor7>
<Integer val="-1073741824"/>
</UnderColor7>
<Name7>
<AUni ws="es">rito</AUni>
<AUni ws="en">ritual</AUni>
<AUni ws="fr">rite</AUni>
</Name7>
<Abbreviation7>
<AUni ws="es">Rit</AUni>
<AUni ws="en">Rit</AUni>
<AUni ws="fr">Rit</AUni>
</Abbreviation7>
</CmPossibility>
</SubPossibilities7>
</CmPossibility>
<CmPossibility>
<ForeColor7>
<Integer val="-1073741824"/>
</ForeColor7>
<BackColor7>
<Integer val="-1073741824"/>
</BackColor7>
<UnderColor7>
<Integer val="-1073741824"/>
</UnderColor7>
<Name7>
<AUni ws="es">sociolingüística</AUni>
<AUni ws="en">sociolinguistics</AUni>
<AUni ws="fr">sociolinguistique</AUni>
</Name7>
<Abbreviation7>
<AUni ws="es">Socling</AUni>
<AUni ws="en">Socio ling</AUni>
<AUni ws="fr">Socioling</AUni>
</Abbreviation7>
<SubPossibilities7>
<CmPossibility>
<ForeColor7>
<Integer val="-1073741824"/>
</ForeColor7>
<BackColor7>
<Integer val="-1073741824"/>
</BackColor7>
<UnderColor7>
<Integer val="-1073741824"/>
</UnderColor7>
<Name7>
<AUni ws="es">lingüística aplicada</AUni>
<AUni ws="en">applied linguistics</AUni>
<AUni ws="fr">linguistique appliquée</AUni>
</Name7>
<Abbreviation7>
<AUni ws="es">Ling apl</AUni>
<AUni ws="en">App ling</AUni>
<AUni ws="fr">Ling app</AUni>
</Abbreviation7>
</CmPossibility>
<CmPossibility>
<ForeColor7>
<Integer val="-1073741824"/>
</ForeColor7>
<BackColor7>
<Integer val="-1073741824"/>
</BackColor7>
<UnderColor7>
<Integer val="-1073741824"/>
</UnderColor7>
<Name7>
<AUni ws="es">lingüística comparativa</AUni>
<AUni ws="en">comparative linguistics</AUni>
<AUni ws="fr">linguistique comparative</AUni>
</Name7>
<Abbreviation7>
<AUni ws="es">Ling comp</AUni>
<AUni ws="en">Comp ling</AUni>
<AUni ws="fr">Ling comp</AUni>
</Abbreviation7>
</CmPossibility>
<CmPossibility>
<ForeColor7>
<Integer val="-1073741824"/>
</ForeColor7>
<BackColor7>
<Integer val="-1073741824"/>
</BackColor7>
<UnderColor7>
<Integer val="-1073741824"/>
</UnderColor7>
<Name7>
<AUni ws="es">lingüística histórica</AUni>
<AUni ws="en">historical linguistics</AUni>
<AUni ws="fr">linguistique historique</AUni>
</Name7>
<Abbreviation7>
<AUni ws="es">Ling hist</AUni>
<AUni ws="en">Hist ling</AUni>
<AUni ws="fr">Ling hist</AUni>
</Abbreviation7>
</CmPossibility>
<CmPossibility>
<ForeColor7>
<Integer val="-1073741824"/>
</ForeColor7>
<BackColor7>
<Integer val="-1073741824"/>
</BackColor7>
<UnderColor7>
<Integer val="-1073741824"/>
</UnderColor7>
<Name7>
<AUni ws="es">investigación sociolingüística</AUni>
<AUni ws="en">survey</AUni>
<AUni ws="fr">étude sociolinguistique</AUni>
</Name7>
<Abbreviation7>
<AUni ws="es">Inves socling</AUni>
<AUni ws="en">Surv</AUni>
<AUni ws="fr">Etd socioling</AUni>
</Abbreviation7>
</CmPossibility>
</SubPossibilities7>
</CmPossibility>
<CmPossibility>
<ForeColor7>
<Integer val="-1073741824"/>
</ForeColor7>
<BackColor7>
<Integer val="-1073741824"/>
</BackColor7>
<UnderColor7>
<Integer val="-1073741824"/>
</UnderColor7>
<Name7>
<AUni ws="es">sociología</AUni>
<AUni ws="en">sociology</AUni>
<AUni ws="fr">sociologie</AUni>
</Name7>
<Abbreviation7>
<AUni ws="es">Sociol</AUni>
<AUni ws="en">Socio</AUni>
<AUni ws="fr">Socio</AUni>
</Abbreviation7>
</CmPossibility>
<CmPossibility>
<ForeColor7>
<Integer val="-1073741824"/>
</ForeColor7>
<BackColor7>
<Integer val="-1073741824"/>
</BackColor7>
<UnderColor7>
<Integer val="-1073741824"/>
</UnderColor7>
<Name7>
<AUni ws="es">traducción</AUni>
<AUni ws="en">translation</AUni>
<AUni ws="fr">traduction</AUni>
</Name7>
<Abbreviation7>
<AUni ws="es">Traduc</AUni>
<AUni ws="en">Trans</AUni>
<AUni ws="fr">Traduc</AUni>
</Abbreviation7>
</CmPossibility>
</Possibilities8>
</CmPossibilityList>
</DomainTypes5005>
<MorphTypes5005>
<CmPossibilityList id="ID7F713D8-E8CF-11D3-9764-00C04F186933">
<IsSorted8><Boolean val="true"/></IsSorted8>
<ItemClsid8><Integer val="5042"/></ItemClsid8>
<WsSelector8><Integer val="-3"/></WsSelector8>
<Name5>
<AUni ws="en">Major Entry Types</AUni>
<AUni ws="fr">Types d'entrée majeure</AUni>
<AUni ws="es">Tipos de Artículos Mayores</AUni>
</Name5>
<Abbreviation8>
<AUni ws="en">MjeTyp</AUni>
</Abbreviation8>
<Possibilities8>
<MoMorphType id="I56DB04BF-3D58-44CC-B292-4C8AA68538F4">
<IsProtected7><Boolean val="true"/></IsProtected7>
<Name7>
<AUni ws="en">particle</AUni>
<AUni ws="fr">particleFRN</AUni>
<AUni ws="es">partículo</AUni>
</Name7>
<Abbreviation7>
<AUni ws="en">part</AUni>
<AUni ws="fr">partFRN</AUni>
<AUni ws="es">part</AUni>
</Abbreviation7>
</MoMorphType>
<MoMorphType id="ID7F713DA-E8CF-11D3-9764-00C04F186933">
<IsProtected7><Boolean val="true"/></IsProtected7>
<Postfix5042><Uni>-</Uni></Postfix5042>
<Prefix5042><Uni>-</Uni></Prefix5042>
<Name7>
<AUni ws="en">infix</AUni>
<AUni ws="fr">infixe</AUni>
<AUni ws="es">infijo</AUni>
</Name7>
<Abbreviation7>
<AUni ws="en">ifx</AUni>
<AUni ws="fr">ifx</AUni>
<AUni ws="es">ifj</AUni>
</Abbreviation7>
</MoMorphType>
<MoMorphType id="ID7F713DB-E8CF-11D3-9764-00C04F186933">
<IsProtected7><Boolean val="true"/></IsProtected7>
<Postfix5042><Uni>-</Uni></Postfix5042>
<Name7>
<AUni ws="en">prefix</AUni>
<AUni ws="fr">préfixe</AUni>
<AUni ws="es">prefijo</AUni>
</Name7>
<Abbreviation7>
<AUni ws="en">pfx</AUni>
<AUni ws="fr">pfx</AUni>
<AUni ws="es">pfj</AUni>
</Abbreviation7>
</MoMorphType>
<MoMorphType id="ID7F713DC-E8CF-11D3-9764-00C04F186933">
<IsProtected7><Boolean val="true"/></IsProtected7>
<Postfix5042><Uni>=</Uni></Postfix5042>
<Prefix5042><Uni>=</Uni></Prefix5042>
<Name7>
<AUni ws="en">simulfix</AUni>
<AUni ws="fr">simulfixe</AUni>
<AUni ws="es">simulfijo</AUni>
</Name7>
<Abbreviation7>
<AUni ws="en">smfx</AUni>
<AUni ws="fr">smfx</AUni>
<AUni ws="es">smfj</AUni>
</Abbreviation7>
</MoMorphType>
<MoMorphType id="ID7F713DD-E8CF-11D3-9764-00C04F186933">
<IsProtected7><Boolean val="true"/></IsProtected7>
<Prefix5042><Uni>-</Uni></Prefix5042>
<Name7>
<AUni ws="en">suffix</AUni>
<AUni ws="fr">suffixe</AUni>
<AUni ws="es">sufijo</AUni>
</Name7>
<Abbreviation7>
<AUni ws="en">sfx</AUni>
<AUni ws="fr">sfx</AUni>
<AUni ws="es">sfj</AUni>
</Abbreviation7>
</MoMorphType>
<MoMorphType id="ID7F713DE-E8CF-11D3-9764-00C04F186933">
<IsProtected7><Boolean val="true"/></IsProtected7>
<Postfix5042><Uni>~</Uni></Postfix5042>
<Prefix5042><Uni>~</Uni></Prefix5042>
<Name7>
<AUni ws="en">suprafix</AUni>
<AUni ws="fr">suprafixe</AUni>
<AUni ws="es">suprafijo</AUni>
</Name7>
<Abbreviation7>
<AUni ws="en">spfx</AUni>
<AUni ws="fr">spfx</AUni>
<AUni ws="es">spfj</AUni>
</Abbreviation7>
</MoMorphType>
<MoMorphType id="ID7F713DF-E8CF-11D3-9764-00C04F186933">
<IsProtected7><Boolean val="true"/></IsProtected7>
<Name7>
<AUni ws="en">circumfix</AUni>
<AUni ws="fr">circonfixe</AUni>
<AUni ws="es">circumfijo</AUni>
</Name7>
<Abbreviation7>
<AUni ws="en">cfx</AUni>
<AUni ws="fr">cfx</AUni>
<AUni ws="es">cfj</AUni>
</Abbreviation7>
</MoMorphType>
<MoMorphType id="ID7F713E1-E8CF-11D3-9764-00C04F186933">
<IsProtected7><Boolean val="true"/></IsProtected7>
<Prefix5042><Uni>=</Uni></Prefix5042>
<Name7>
<AUni ws="en">enclitic</AUni>
<AUni ws="fr">enclitique</AUni>
<AUni ws="es">enclítico</AUni>
</Name7>
<Abbreviation7>
<AUni ws="en">enclit</AUni>
<AUni ws="fr">enclit</AUni>
<AUni ws="es">enclit</AUni>
</Abbreviation7>
</MoMorphType>
<MoMorphType id="ID7F713E2-E8CF-11D3-9764-00C04F186933">
<IsProtected7><Boolean val="true"/></IsProtected7>
<Postfix5042><Uni>=</Uni></Postfix5042>
<Name7>
<AUni ws="en">proclitic</AUni>
<AUni ws="fr">proclitique</AUni>
<AUni ws="es">proclítico</AUni>
</Name7>
<Abbreviation7>
<AUni ws="en">proclit</AUni>
<AUni ws="fr">proclit</AUni>
<AUni ws="es">proclit</AUni>
</Abbreviation7>
</MoMorphType>
<MoMorphType id="ID7F713E4-E8CF-11D3-9764-00C04F186933">
<IsProtected7><Boolean val="true"/></IsProtected7>
<Prefix5042><Uni>*</Uni></Prefix5042>
<Name7>
<AUni ws="en">bound root</AUni>
<AUni ws="fr">racine bornée</AUni>
<AUni ws="es">radical ligado</AUni>
</Name7>
<Abbreviation7>
<AUni ws="en">bd root</AUni>
<AUni ws="fr">rcn brn</AUni>
<AUni ws="es">rdc liga</AUni>
</Abbreviation7>
</MoMorphType>
<MoMorphType id="ID7F713E5-E8CF-11D3-9764-00C04F186933">
<IsProtected7><Boolean val="true"/></IsProtected7>
<Name7>
<AUni ws="en">root</AUni>
<AUni ws="fr">racine</AUni>
<AUni ws="es">radical</AUni>
</Name7>
<Abbreviation7>
<AUni ws="en">ubd root</AUni>
<AUni ws="fr">rcn nbrn</AUni>
<AUni ws="es">rdc inliga</AUni>
</Abbreviation7>
</MoMorphType>
<MoMorphType id="ID7F713E7-E8CF-11D3-9764-00C04F186933">
<IsProtected7><Boolean val="true"/></IsProtected7>
<Prefix5042><Uni>*</Uni></Prefix5042>
<Name7>
<AUni ws="en">bound stem</AUni>
<AUni ws="fr">radical borné</AUni>
<AUni ws="es">tema ligado</AUni>
</Name7>
<Abbreviation7>
<AUni ws="en">bd stem</AUni>
<AUni ws="fr">rcl brn</AUni>
<AUni ws="es">tem liga</AUni>
</Abbreviation7>
</MoMorphType>
<MoMorphType id="ID7F713E8-E8CF-11D3-9764-00C04F186933">
<IsProtected7><Boolean val="true"/></IsProtected7>
<Name7>
<AUni ws="en">stem</AUni>
<AUni ws="fr">radical</AUni>
<AUni ws="es">tema</AUni>
</Name7>
<Abbreviation7>
<AUni ws="en">ubd stem</AUni>
<AUni ws="fr">rcl nbrn</AUni>
<AUni ws="es">tem inliga</AUni>
</Abbreviation7>
</MoMorphType>
</Possibilities8>
</CmPossibilityList>
</MorphTypes5005>
<SubentryTypes5005>
<CmPossibilityList id="ID7F713E9-E8CF-11D3-9764-00C04F186933">
<IsSorted8><Boolean val="true"/></IsSorted8>
<ItemClsid8><Integer val="5021"/></ItemClsid8>
<WsSelector8><Integer val="-3"/></WsSelector8>
<Name5>
<AUni ws="en">Subentry Types</AUni>
<AUni ws="fr">Types de Sousentrées</AUni>
<AUni ws="es">Tipos de Sub-artículos</AUni>
</Name5>
<Abbreviation8>
<AUni ws="en">SbeTyp</AUni>
</Abbreviation8>
<Possibilities8>
<LexSubentryType id="ID7F713EA-E8CF-11D3-9764-00C04F186933">
<IsProtected7><Boolean val="true"/></IsProtected7>
<Name7>
<AUni ws="en">compound</AUni>
<AUni ws="fr">composé</AUni>
<AUni ws="es">compuesto</AUni>
</Name7>
<Abbreviation7>
<AUni ws="en">cmpd</AUni>
<AUni ws="fr">cmpd</AUni>
<AUni ws="es">cmpd</AUni>
</Abbreviation7>
</LexSubentryType>
<LexSubentryType id="ID7F713EB-E8CF-11D3-9764-00C04F186933">
<IsProtected7><Boolean val="true"/></IsProtected7>
<Name7>
<AUni ws="en">derivative</AUni>
<AUni ws="fr">dérivé</AUni>
<AUni ws="es">derivado</AUni>
</Name7>
<Abbreviation7>
<AUni ws="en">derv</AUni>
<AUni ws="fr">dériv</AUni>
<AUni ws="es">deriv</AUni>
</Abbreviation7>
</LexSubentryType>
<LexSubentryType id="ID7F713EC-E8CF-11D3-9764-00C04F186933">
<IsProtected7><Boolean val="true"/></IsProtected7>
<Name7>
<AUni ws="en">idiom</AUni>
<AUni ws="fr">idiome</AUni>
<AUni ws="es">modismo</AUni>
</Name7>
<Abbreviation7>
<AUni ws="en">id</AUni>
<AUni ws="fr">id</AUni>
<AUni ws="es">mod</AUni>
</Abbreviation7>
</LexSubentryType>
<LexSubentryType id="ID7F713ED-E8CF-11D3-9764-00C04F186933">
<IsProtected7><Boolean val="true"/></IsProtected7>
<Name7>
<AUni ws="en">key term phrase</AUni>
<AUni ws="fr">locution pour un mot clé</AUni>
<AUni ws="es">frase de término clave</AUni>
</Name7>
<Abbreviation7>
<AUni ws="en">kytrm</AUni>
<AUni ws="fr">mtcl</AUni>
<AUni ws="es">fras trm cla</AUni>
</Abbreviation7>
</LexSubentryType>
<LexSubentryType id="ID7F713EE-E8CF-11D3-9764-00C04F186933">
<IsProtected7><Boolean val="true"/></IsProtected7>
<Name7>
<AUni ws="en">saying</AUni>
<AUni ws="fr">dicton</AUni>
<AUni ws="es">dicho</AUni>
</Name7>
<Abbreviation7>
<AUni ws="en">say</AUni>
<AUni ws="fr">dict</AUni>
<AUni ws="es">dich</AUni>
</Abbreviation7>
</LexSubentryType>
</Possibilities8>
</CmPossibilityList>
</SubentryTypes5005>
</LexicalDatabase>
</LexicalDatabase6001>
