<?xml version="1.0" encoding="UTF-8"?>
<!DOCTYPE PartsOfSpeech6001 SYSTEM "FwDatabase.dtd">
<PartsOfSpeech6001>
<CmPossibilityList>
<IsSorted8>
<Boolean val="true"/>
</IsSorted8>
<UseExtendedFields8>
<Boolean val="true"/>
</UseExtendedFields8>
<ItemClsid8>
<Integer val="5049"/>
</ItemClsid8>
<WsSelector8>
<Integer val="-3"/>
</WsSelector8>
<Name5>
<AUni ws="es">Categorías Gramáticas</AUni>
<AUni ws="en">Parts Of Speech</AUni>
<AUni ws="fr">Parties du Discours</AUni>
</Name5>
<Abbreviation8>
<AUni ws="en">Pos</AUni>
</Abbreviation8>
<Possibilities8>
<PartOfSpeech>
<ForeColor7>
<Integer val="16777215"/>
</ForeColor7>
<BackColor7>
<Integer val="6328367"/>
</BackColor7>
<UnderColor7>
<Integer val="49407"/>
</UnderColor7>
<UnderStyle7>
<Integer val="4"/>
</UnderStyle7>
<Name7>
<AUni ws="es">adjunto</AUni>
<AUni ws="en">adjunct</AUni>
<AUni ws="fr">accessoire</AUni>
</Name7>
<Abbreviation7>
<AUni ws="es">adjunto</AUni>
<AUni ws="en">adjunct</AUni>
<AUni ws="fr">accessoire</AUni>
</Abbreviation7>
</PartOfSpeech>
<PartOfSpeech>
<ForeColor7>
<Integer val="16777215"/>
</ForeColor7>
<BackColor7>
<Integer val="6328367"/>
</BackColor7>
<UnderColor7>
<Integer val="24831"/>
</UnderColor7>
<UnderStyle7>
<Integer val="2"/>
</UnderStyle7>
<Name7>
<AUni ws="es">artículo</AUni>
<AUni ws="en">article</AUni>
<AUni ws="fr">article</AUni>
</Name7>
<Abbreviation7>
<AUni ws="es">art</AUni>
<AUni ws="en">art</AUni>
<AUni ws="fr">art</AUni>
</Abbreviation7>
<SubPossibilities7>
<PartOfSpeech>
<ForeColor7>
<Integer val="16777215"/>
</ForeColor7>
<BackColor7>
<Integer val="49407"/>
</BackColor7>
<UnderColor7>
<Integer val="16736303"/>
</UnderColor7>
<UnderStyle7>
<Integer val="3"/>
</UnderStyle7>
<Name7>
<AUni ws="es">artículo definido</AUni>
<AUni ws="en">definite article</AUni>
<AUni ws="fr">article défini</AUni>
</Name7>
<Abbreviation7>
<AUni ws="es">def</AUni>
<AUni ws="en">def</AUni>
<AUni ws="fr">déf</AUni>
</Abbreviation7>
</PartOfSpeech>
<PartOfSpeech>
<ForeColor7>
<Integer val="16777215"/>
</ForeColor7>
<BackColor7>
<Integer val="12176"/>
</BackColor7>
<UnderColor7>
<Integer val="12176"/>
</UnderColor7>
<UnderStyle7>
<Integer val="3"/>
</UnderStyle7>
<Name7>
<AUni ws="es">artículo indefinido</AUni>
<AUni ws="en">indefinite article</AUni>
<AUni ws="fr">article indéfini</AUni>
</Name7>
<Abbreviation7>
<AUni ws="es">indef</AUni>
<AUni ws="en">indef</AUni>
<AUni ws="fr">indéf</AUni>
</Abbreviation7>
</PartOfSpeech>
</SubPossibilities7>
</PartOfSpeech>
<PartOfSpeech>
<ForeColor7>
<Integer val="16777215"/>
</ForeColor7>
<BackColor7>
<Integer val="16777215"/>
</BackColor7>
<UnderColor7>
<Integer val="9474192"/>
</UnderColor7>
<UnderStyle7>
<Integer val="2"/>
</UnderStyle7>
<Name7>
<AUni ws="en">disc</AUni>
</Name7>
<Abbreviation7>
<AUni ws="en">disc</AUni>
</Abbreviation7>
</PartOfSpeech>
<PartOfSpeech>
<ForeColor7>
<Integer val="16777215"/>
</ForeColor7>
<BackColor7>
<Integer val="9486591"/>
</BackColor7>
<UnderColor7>
<Integer val="16736303"/>
</UnderColor7>
<UnderStyle7>
<Integer val="2"/>
</UnderStyle7>
<Name7>
<AUni ws="es">interjección</AUni>
<AUni ws="en">interjection</AUni>
<AUni ws="fr">interjection</AUni>
</Name7>
<Abbreviation7>
<AUni ws="es">interj</AUni>
<AUni ws="en">interj</AUni>
<AUni ws="fr">interj</AUni>
</Abbreviation7>
</PartOfSpeech>
<PartOfSpeech>
<ForeColor7>
<Integer val="16777215"/>
</ForeColor7>
<BackColor7>
<Integer val="255"/>
</BackColor7>
<UnderColor7>
<Integer val="16760832"/>
</UnderColor7>
<UnderStyle7>
<Integer val="3"/>
</UnderStyle7>
<Name7>
<AUni ws="es">indicador</AUni>
<AUni ws="en">marker</AUni>
<AUni ws="fr">indicateur</AUni>
</Name7>
<Abbreviation7>
<AUni ws="es">indic</AUni>
<AUni ws="en">mkr</AUni>
<AUni ws="fr">idctr</AUni>
</Abbreviation7>
<SubPossibilities7>
<PartOfSpeech>
<ForeColor7>
<Integer val="16777215"/>
</ForeColor7>
<BackColor7>
<Integer val="12620031"/>
</BackColor7>
<UnderColor7>
<Integer val="16777152"/>
</UnderColor7>
<UnderStyle7>
<Integer val="1"/>
</UnderStyle7>
<Name7>
<AUni ws="es">aspectual</AUni>
<AUni ws="en">aspectual</AUni>
<AUni ws="fr">aspectuel</AUni>
</Name7>
<Abbreviation7>
<AUni ws="es">asp</AUni>
<AUni ws="en">asp</AUni>
<AUni ws="fr">asp</AUni>
</Abbreviation7>
</PartOfSpeech>
<PartOfSpeech>
<ForeColor7>
<Integer val="16777215"/>
</ForeColor7>
<BackColor7>
<Integer val="12632256"/>
</BackColor7>
<UnderColor7>
<Integer val="6303488"/>
</UnderColor7>
<UnderStyle7>
<Integer val="3"/>
</UnderStyle7>
<Name7>
<AUni ws="es">indicador de caso</AUni>
<AUni ws="en">case marker</AUni>
<AUni ws="fr">indicateur de cas</AUni>
</Name7>
<Abbreviation7>
<AUni ws="es">indic cas</AUni>
<AUni ws="en">case</AUni>
<AUni ws="fr">cas</AUni>
</Abbreviation7>
</PartOfSpeech>
<PartOfSpeech>
<ForeColor7>
<Integer val="16777215"/>
</ForeColor7>
<BackColor7>
<Integer val="8355711"/>
</BackColor7>
<UnderColor7>
<Integer val="12620031"/>
</UnderColor7>
<UnderStyle7>
<Integer val="4"/>
</UnderStyle7>
<Name7>
<AUni ws="es">indicador de foco</AUni>
<AUni ws="en">focus marker</AUni>
<AUni ws="fr">indicateur de focus</AUni>
</Name7>
<Abbreviation7>
<AUni ws="es">indic foc</AUni>
<AUni ws="en">foc</AUni>
<AUni ws="fr">foc</AUni>
</Abbreviation7>
</PartOfSpeech>
<PartOfSpeech>
<ForeColor7>
<Integer val="16777215"/>
</ForeColor7>
<BackColor7>
<Integer val="6303488"/>
</BackColor7>
<UnderColor7>
<Integer val="9449263"/>
</UnderColor7>
<UnderStyle7>
<Integer val="1"/>
</UnderStyle7>
<Name7>
<AUni ws="es">indicador de honorífico</AUni>
<AUni ws="en">honorific marker</AUni>
<AUni ws="fr">indicateur honorifique</AUni>
</Name7>
<Abbreviation7>
<AUni ws="es">indic hon</AUni>
<AUni ws="en">hon</AUni>
<AUni ws="fr">hon</AUni>
</Abbreviation7>
</PartOfSpeech>
<PartOfSpeech>
<ForeColor7>
<Integer val="16777215"/>
</ForeColor7>
<UnderColor7>
<Integer val="3092271"/>
</UnderColor7>
<UnderStyle7>
<Integer val="3"/>
</UnderStyle7>
<Name7>
<AUni ws="es">modal</AUni>
<AUni ws="en">modal</AUni>
<AUni ws="fr">modal</AUni>
</Name7>
<Abbreviation7>
<AUni ws="es">mod</AUni>
<AUni ws="en">mod</AUni>
<AUni ws="fr">mod</AUni>
</Abbreviation7>
</PartOfSpeech>
<PartOfSpeech>
<ForeColor7>
<Integer val="16777215"/>
</ForeColor7>
<BackColor7>
<Integer val="24831"/>
</BackColor7>
<UnderColor7>
<Integer val="12032"/>
</UnderColor7>
<Name7>
<AUni ws="es">modo</AUni>
<AUni ws="en">mood</AUni>
<AUni ws="fr">mode</AUni>
</Name7>
<Abbreviation7>
<AUni ws="es">modo</AUni>
<AUni ws="en">mood</AUni>
<AUni ws="fr">mode</AUni>
</Abbreviation7>
</PartOfSpeech>
<PartOfSpeech>
<ForeColor7>
<Integer val="16777215"/>
</ForeColor7>
<BackColor7>
<Integer val="9502719"/>
</BackColor7>
<UnderColor7>
<Integer val="65280"/>
</UnderColor7>
<UnderStyle7>
<Integer val="3"/>
</UnderStyle7>
<Name7>
<AUni ws="es">negativación</AUni>
<AUni ws="en">negation</AUni>
<AUni ws="fr">négation</AUni>
</Name7>
<Abbreviation7>
<AUni ws="es">neg</AUni>
<AUni ws="en">neg</AUni>
<AUni ws="fr">nég</AUni>
</Abbreviation7>
</PartOfSpeech>
<PartOfSpeech>
<ForeColor7>
<Integer val="16777215"/>
</ForeColor7>
<BackColor7>
<Integer val="6303632"/>
</BackColor7>
<UnderColor7>
<Integer val="16777215"/>
</UnderColor7>
<UnderStyle7>
<Integer val="3"/>
</UnderStyle7>
<Name7>
<AUni ws="es">número</AUni>
<AUni ws="en">number</AUni>
<AUni ws="fr">numéro</AUni>
</Name7>
<Abbreviation7>
<AUni ws="es">num</AUni>
<AUni ws="en">num</AUni>
<AUni ws="fr">num</AUni>
</Abbreviation7>
</PartOfSpeech>
<PartOfSpeech>
<ForeColor7>
<Integer val="16777215"/>
</ForeColor7>
<BackColor7>
<Integer val="6328367"/>
</BackColor7>
<UnderColor7>
<Integer val="16760832"/>
</UnderColor7>
<UnderStyle7>
<Integer val="3"/>
</UnderStyle7>
<Name7>
<AUni ws="es">persona</AUni>
<AUni ws="en">person</AUni>
<AUni ws="fr">personne</AUni>
</Name7>
<Abbreviation7>
<AUni ws="es">pers</AUni>
<AUni ws="en">pers</AUni>
<AUni ws="fr">pers</AUni>
</Abbreviation7>
</PartOfSpeech>
<PartOfSpeech>
<ForeColor7>
<Integer val="16777215"/>
</ForeColor7>
<BackColor7>
<Integer val="6303632"/>
</BackColor7>
<UnderColor7>
<Integer val="12079"/>
</UnderColor7>
<UnderStyle7>
<Integer val="1"/>
</UnderStyle7>
<Name7>
<AUni ws="es">margen de cita</AUni>
<AUni ws="en">quotative</AUni>
<AUni ws="fr">de citation</AUni>
</Name7>
<Abbreviation7>
<AUni ws="es">cita</AUni>
<AUni ws="en">quo</AUni>
<AUni ws="fr">cit</AUni>
</Abbreviation7>
</PartOfSpeech>
<PartOfSpeech>
<ForeColor7>
<Integer val="16777215"/>
</ForeColor7>
<BackColor7>
<Integer val="16776960"/>
</BackColor7>
<UnderColor7>
<Integer val="13631439"/>
</UnderColor7>
<UnderStyle7>
<Integer val="2"/>
</UnderStyle7>
<Name7>
<AUni ws="es">indicador de grado</AUni>
<AUni ws="en">rank marker</AUni>
<AUni ws="fr">indicateur de rang</AUni>
</Name7>
<Abbreviation7>
<AUni ws="es">grad</AUni>
<AUni ws="en">rank</AUni>
<AUni ws="fr">rang</AUni>
</Abbreviation7>
</PartOfSpeech>
<PartOfSpeech>
<ForeColor7>
<Integer val="16777215"/>
</ForeColor7>
<BackColor7>
<Integer val="12632111"/>
</BackColor7>
<UnderColor7>
<Integer val="12632256"/>
</UnderColor7>
<Name7>
<AUni ws="es">indicador de cambio de referencia</AUni>
<AUni ws="en">switch reference marker</AUni>
<AUni ws="fr">indicateur de changement de référence</AUni>
</Name7>
<Abbreviation7>
<AUni ws="es">camb ref</AUni>
<AUni ws="en">sw ref</AUni>
<AUni ws="fr">ch réf</AUni>
</Abbreviation7>
</PartOfSpeech>
<PartOfSpeech>
<ForeColor7>
<Integer val="16777215"/>
</ForeColor7>
<BackColor7>
<Integer val="32639"/>
</BackColor7>
<UnderColor7>
<Integer val="6303632"/>
</UnderColor7>
<UnderStyle7>
<Integer val="1"/>
</UnderStyle7>
<Name7>
<AUni ws="es">indicador de tensa</AUni>
<AUni ws="en">tense marker</AUni>
<AUni ws="fr">indicateur du temps grammatical</AUni>
</Name7>
<Abbreviation7>
<AUni ws="es">tens</AUni>
<AUni ws="en">tens</AUni>
<AUni ws="fr">tmps</AUni>
</Abbreviation7>
</PartOfSpeech>
<PartOfSpeech>
<ForeColor7>
<Integer val="9502719"/>
</ForeColor7>
<BackColor7>
<Integer val="-1073741824"/>
</BackColor7>
<UnderColor7>
<Integer val="-1073741824"/>
</UnderColor7>
<UnderStyle7>
<Integer val="2"/>
</UnderStyle7>
<Name7>
<AUni ws="es">indicador de tópico</AUni>
<AUni ws="en">topic marker</AUni>
<AUni ws="fr">indicateur de topique</AUni>
</Name7>
<Abbreviation7>
<AUni ws="es">tóp</AUni>
<AUni ws="en">top</AUni>
<AUni ws="fr">top</AUni>
</Abbreviation7>
</PartOfSpeech>
<PartOfSpeech>
<ForeColor7>
<Integer val="8355711"/>
</ForeColor7>
<BackColor7>
<Integer val="-1073741824"/>
</BackColor7>
<UnderColor7>
<Integer val="-1073741824"/>
</UnderColor7>
<UnderStyle7>
<Integer val="3"/>
</UnderStyle7>
<Name7>
<AUni ws="es">indicador de voz</AUni>
<AUni ws="en">voice marker</AUni>
<AUni ws="fr">indicateur de voix</AUni>
</Name7>
<Abbreviation7>
<AUni ws="es">voz</AUni>
<AUni ws="en">voice</AUni>
<AUni ws="fr">voix</AUni>
</Abbreviation7>
</PartOfSpeech>
</SubPossibilities7>
</PartOfSpeech>
<PartOfSpeech>
<ForeColor7>
<Integer val="6303632"/>
</ForeColor7>
<BackColor7>
<Integer val="-1073741824"/>
</BackColor7>
<UnderColor7>
<Integer val="-1073741824"/>
</UnderColor7>
<UnderStyle7>
<Integer val="4"/>
</UnderStyle7>
<Name7>
<AUni ws="es">modificador</AUni>
<AUni ws="en">modifier</AUni>
<AUni ws="fr">modificateur</AUni>
</Name7>
<Abbreviation7>
<AUni ws="es">mod</AUni>
<AUni ws="en">mod</AUni>
<AUni ws="fr">mod</AUni>
</Abbreviation7>
<SubPossibilities7>
<PartOfSpeech>
<ForeColor7>
<Integer val="49407"/>
</ForeColor7>
<BackColor7>
<Integer val="-1073741824"/>
</BackColor7>
<UnderColor7>
<Integer val="-1073741824"/>
</UnderColor7>
<Name7>
<AUni ws="es">adjetivo</AUni>
<AUni ws="en">adjective</AUni>
<AUni ws="fr">adjectif</AUni>
</Name7>
<Abbreviation7>
<AUni ws="es">adj</AUni>
<AUni ws="en">adj</AUni>
<AUni ws="fr">adj</AUni>
</Abbreviation7>
</PartOfSpeech>
<PartOfSpeech>
<ForeColor7>
<Integer val="6303632"/>
</ForeColor7>
<BackColor7>
<Integer val="-1073741824"/>
</BackColor7>
<UnderColor7>
<Integer val="-1073741824"/>
</UnderColor7>
<UnderStyle7>
<Integer val="1"/>
</UnderStyle7>
<Name7>
<AUni ws="es">adverbio</AUni>
<AUni ws="en">adverb</AUni>
<AUni ws="fr">adverbe</AUni>
</Name7>
<Abbreviation7>
<AUni ws="es">adv</AUni>
<AUni ws="en">adv</AUni>
<AUni ws="fr">adv</AUni>
</Abbreviation7>
</PartOfSpeech>
</SubPossibilities7>
</PartOfSpeech>
<PartOfSpeech>
<ForeColor7>
<Integer val="49296"/>
</ForeColor7>
<BackColor7>
<Integer val="-1073741824"/>
</BackColor7>
<UnderColor7>
<Integer val="-1073741824"/>
</UnderColor7>
<UnderStyle7>
<Integer val="4"/>
</UnderStyle7>
<Name7>
<AUni ws="es">negativador</AUni>
<AUni ws="en">negator</AUni>
<AUni ws="fr">négateur</AUni>
</Name7>
<Abbreviation7>
<AUni ws="es">neg</AUni>
<AUni ws="en">neg</AUni>
<AUni ws="fr">nég</AUni>
</Abbreviation7>
</PartOfSpeech>
<PartOfSpeech>
<ForeColor7>
<Integer val="16777152"/>
</ForeColor7>
<BackColor7>
<Integer val="-1073741824"/>
</BackColor7>
<UnderColor7>
<Integer val="-1073741824"/>
</UnderColor7>
<UnderStyle7>
<Integer val="3"/>
</UnderStyle7>
<Name7>
<AUni ws="es">nombre</AUni>
<AUni ws="en">noun</AUni>
<AUni ws="fr">nom</AUni>
</Name7>
<Abbreviation7>
<AUni ws="es">sus</AUni>
<AUni ws="en">n</AUni>
<AUni ws="fr">n</AUni>
</Abbreviation7>
<SubPossibilities7>
<PartOfSpeech>
<ForeColor7>
<Integer val="9474192"/>
</ForeColor7>
<BackColor7>
<Integer val="-1073741824"/>
</BackColor7>
<UnderColor7>
<Integer val="-1073741824"/>
</UnderColor7>
<UnderStyle7>
<Integer val="2"/>
</UnderStyle7>
<Name7>
<AUni ws="es">sustantivo común</AUni>
<AUni ws="en">common noun</AUni>
<AUni ws="fr">nom commun</AUni>
</Name7>
<Abbreviation7>
<AUni ws="es">sus com</AUni>
<AUni ws="en">comm</AUni>
<AUni ws="fr">comm</AUni>
</Abbreviation7>
</PartOfSpeech>
<PartOfSpeech>
<ForeColor7>
<Integer val="32639"/>
</ForeColor7>
<BackColor7>
<Integer val="-1073741824"/>
</BackColor7>
<UnderColor7>
<Integer val="-1073741824"/>
</UnderColor7>
<UnderStyle7>
<Integer val="3"/>
</UnderStyle7>
<Name7>
<AUni ws="es">sustantivo concreto</AUni>
<AUni ws="en">concrete noun</AUni>
<AUni ws="fr">nom concret</AUni>
</Name7>
<Abbreviation7>
<AUni ws="es">sus conc</AUni>
<AUni ws="en">conc</AUni>
<AUni ws="fr">conc</AUni>
</Abbreviation7>
</PartOfSpeech>
<PartOfSpeech>
<ForeColor7>
<Integer val="255"/>
</ForeColor7>
<BackColor7>
<Integer val="-1073741824"/>
</BackColor7>
<UnderColor7>
<Integer val="-1073741824"/>
</UnderColor7>
<UnderStyle7>
<Integer val="2"/>
</UnderStyle7>
<Name7>
<AUni ws="es">nominal</AUni>
<AUni ws="en">nominal</AUni>
<AUni ws="fr">nominal</AUni>
</Name7>
<Abbreviation7>
<AUni ws="es">nom</AUni>
<AUni ws="en">nom</AUni>
<AUni ws="fr">nom</AUni>
</Abbreviation7>
</PartOfSpeech>
<PartOfSpeech>
<ForeColor7>
<Integer val="65535"/>
</ForeColor7>
<BackColor7>
<Integer val="-1073741824"/>
</BackColor7>
<UnderColor7>
<Integer val="-1073741824"/>
</UnderColor7>
<UnderStyle7>
<Integer val="2"/>
</UnderStyle7>
<Name7>
<AUni ws="es">sustantivo posesivo</AUni>
<AUni ws="en">possessive noun</AUni>
<AUni ws="fr">nom possessif</AUni>
</Name7>
<Abbreviation7>
<AUni ws="es">pos</AUni>
<AUni ws="en">poss</AUni>
<AUni ws="fr">poss</AUni>
</Abbreviation7>
</PartOfSpeech>
<PartOfSpeech>
<ForeColor7>
<Integer val="9502719"/>
</ForeColor7>
<BackColor7>
<Integer val="-1073741824"/>
</BackColor7>
<UnderColor7>
<Integer val="-1073741824"/>
</UnderColor7>
<UnderStyle7>
<Integer val="4"/>
</UnderStyle7>
<Name7>
<AUni ws="es">sustantivo propio</AUni>
<AUni ws="en">proper noun</AUni>
<AUni ws="fr">nom propre</AUni>
</Name7>
<Abbreviation7>
<AUni ws="es">prop</AUni>
<AUni ws="en">prop</AUni>
<AUni ws="fr">prop</AUni>
</Abbreviation7>
</PartOfSpeech>
</SubPossibilities7>
</PartOfSpeech>
<PartOfSpeech>
<ForeColor7>
<Integer val="12079"/>
</ForeColor7>
<BackColor7>
<Integer val="-1073741824"/>
</BackColor7>
<UnderColor7>
<Integer val="-1073741824"/>
</UnderColor7>
<UnderStyle7>
<Integer val="4"/>
</UnderStyle7>
<Name7>
<AUni ws="es">partículo</AUni>
<AUni ws="en">particle</AUni>
<AUni ws="fr">particule</AUni>
</Name7>
<Abbreviation7>
<AUni ws="es">part</AUni>
<AUni ws="en">part</AUni>
<AUni ws="fr">ptcl</AUni>
</Abbreviation7>
</PartOfSpeech>
<PartOfSpeech>
<ForeColor7>
<Integer val="65280"/>
</ForeColor7>
<BackColor7>
<Integer val="-1073741824"/>
</BackColor7>
<UnderColor7>
<Integer val="-1073741824"/>
</UnderColor7>
<UnderStyle7>
<Integer val="2"/>
</UnderStyle7>
<Name7>
<AUni ws="es">precategorial</AUni>
<AUni ws="en">precategorial</AUni>
<AUni ws="fr">précatégoriel</AUni>
</Name7>
<Abbreviation7>
<AUni ws="es">precat</AUni>
<AUni ws="en">precat</AUni>
<AUni ws="fr">précat</AUni>
</Abbreviation7>
</PartOfSpeech>
<PartOfSpeech>
<ForeColor7>
<Integer val="49407"/>
</ForeColor7>
<BackColor7>
<Integer val="-1073741824"/>
</BackColor7>
<UnderColor7>
<Integer val="-1073741824"/>
</UnderColor7>
<UnderStyle7>
<Integer val="3"/>
</UnderStyle7>
<Name7>
<AUni ws="es">pronombre</AUni>
<AUni ws="en">pronoun</AUni>
<AUni ws="fr">pronom</AUni>
</Name7>
<Abbreviation7>
<AUni ws="es">pro</AUni>
<AUni ws="en">pro</AUni>
<AUni ws="fr">pro</AUni>
</Abbreviation7>
<SubPossibilities7>
<PartOfSpeech>
<ForeColor7>
<Integer val="9449263"/>
</ForeColor7>
<BackColor7>
<Integer val="-1073741824"/>
</BackColor7>
<UnderColor7>
<Integer val="-1073741824"/>
</UnderColor7>
<UnderStyle7>
<Integer val="2"/>
</UnderStyle7>
<Name7>
<AUni ws="es">pronombre demostrativo</AUni>
<AUni ws="en">demonstrative pronoun</AUni>
<AUni ws="fr">pronom démonstratif</AUni>
</Name7>
<Abbreviation7>
<AUni ws="es">dem</AUni>
<AUni ws="en">dem</AUni>
<AUni ws="fr">dém</AUni>
</Abbreviation7>
</PartOfSpeech>
<PartOfSpeech>
<ForeColor7>
<Integer val="37119"/>
</ForeColor7>
<BackColor7>
<Integer val="-1073741824"/>
</BackColor7>
<UnderColor7>
<Integer val="-1073741824"/>
</UnderColor7>
<UnderStyle7>
<Integer val="3"/>
</UnderStyle7>
<Name7>
<AUni ws="es">pronombre indefinido</AUni>
<AUni ws="en">indefinite pronoun</AUni>
<AUni ws="fr">pronom indéfini</AUni>
</Name7>
<Abbreviation7>
<AUni ws="es">ind</AUni>
<AUni ws="en">ind</AUni>
<AUni ws="fr">ind</AUni>
</Abbreviation7>
</PartOfSpeech>
<PartOfSpeech>
<ForeColor7>
<Integer val="12079"/>
</ForeColor7>
<BackColor7>
<Integer val="-1073741824"/>
</BackColor7>
<UnderColor7>
<Integer val="-1073741824"/>
</UnderColor7>
<UnderStyle7>
<Integer val="3"/>
</UnderStyle7>
<Name7>
<AUni ws="es">pronombre interrogativo</AUni>
<AUni ws="en">interrogative pronoun</AUni>
<AUni ws="fr">pronom interrogatif</AUni>
</Name7>
<Abbreviation7>
<AUni ws="es">int</AUni>
<AUni ws="en">int</AUni>
<AUni ws="fr">int</AUni>
</Abbreviation7>
</PartOfSpeech>
<PartOfSpeech>
<ForeColor7>
<Integer val="12079"/>
</ForeColor7>
<BackColor7>
<Integer val="-1073741824"/>
</BackColor7>
<UnderColor7>
<Integer val="-1073741824"/>
</UnderColor7>
<UnderStyle7>
<Integer val="3"/>
</UnderStyle7>
<Name7>
<AUni ws="es">pronombre personal</AUni>
<AUni ws="en">personal pronoun</AUni>
<AUni ws="fr">pronom personnel</AUni>
</Name7>
<Abbreviation7>
<AUni ws="es">pers</AUni>
<AUni ws="en">pers</AUni>
<AUni ws="fr">pers</AUni>
</Abbreviation7>
</PartOfSpeech>
<PartOfSpeech>
<ForeColor7>
<Integer val="12032"/>
</ForeColor7>
<BackColor7>
<Integer val="-1073741824"/>
</BackColor7>
<UnderColor7>
<Integer val="-1073741824"/>
</UnderColor7>
<UnderStyle7>
<Integer val="2"/>
</UnderStyle7>
<Name7>
<AUni ws="en">posessive pronoun</AUni>
</Name7>
<Abbreviation7>
<AUni ws="en">pos pron</AUni>
</Abbreviation7>
</PartOfSpeech>
<PartOfSpeech>
<ForeColor7>
<Integer val="9486591"/>
</ForeColor7>
<BackColor7>
<Integer val="-1073741824"/>
</BackColor7>
<UnderColor7>
<Integer val="-1073741824"/>
</UnderColor7>
<UnderStyle7>
<Integer val="2"/>
</UnderStyle7>
<Name7>
<AUni ws="es">pronombre relativo</AUni>
<AUni ws="en">relative pronoun</AUni>
<AUni ws="fr">pronom relatif</AUni>
</Name7>
<Abbreviation7>
<AUni ws="es">rel</AUni>
<AUni ws="en">rel</AUni>
<AUni ws="fr">rel</AUni>
</Abbreviation7>
</PartOfSpeech>
</SubPossibilities7>
</PartOfSpeech>
<PartOfSpeech>
<BackColor7>
<Integer val="-1073741824"/>
</BackColor7>
<UnderColor7>
<Integer val="-1073741824"/>
</UnderColor7>
<UnderStyle7>
<Integer val="3"/>
</UnderStyle7>
<Name7>
<AUni ws="es">relacioante</AUni>
<AUni ws="en">relator</AUni>
<AUni ws="fr">relateur</AUni>
</Name7>
<Abbreviation7>
<AUni ws="es">relac</AUni>
<AUni ws="en">rel</AUni>
<AUni ws="fr">rltr</AUni>
</Abbreviation7>
<SubPossibilities7>
<PartOfSpeech>
<ForeColor7>
<Integer val="16777215"/>
</ForeColor7>
<BackColor7>
<Integer val="-1073741824"/>
</BackColor7>
<UnderColor7>
<Integer val="-1073741824"/>
</UnderColor7>
<UnderStyle7>
<Integer val="2"/>
</UnderStyle7>
<Name7>
<AUni ws="es">adposición</AUni>
<AUni ws="en">adposition</AUni>
<AUni ws="fr">adposition</AUni>
</Name7>
<Abbreviation7>
<AUni ws="es">adpos</AUni>
<AUni ws="en">adpos</AUni>
<AUni ws="fr">adpos</AUni>
</Abbreviation7>
<SubPossibilities7>
<PartOfSpeech>
<BackColor7>
<Integer val="-1073741824"/>
</BackColor7>
<UnderColor7>
<Integer val="-1073741824"/>
</UnderColor7>
<UnderStyle7>
<Integer val="2"/>
</UnderStyle7>
<Name7>
<AUni ws="es">postposición</AUni>
<AUni ws="en">postposition</AUni>
<AUni ws="fr">postposition</AUni>
</Name7>
<Abbreviation7>
<AUni ws="es">post</AUni>
<AUni ws="en">post</AUni>
<AUni ws="fr">post</AUni>
</Abbreviation7>
</PartOfSpeech>
<PartOfSpeech>
<ForeColor7>
<Integer val="16760976"/>
</ForeColor7>
<BackColor7>
<Integer val="-1073741824"/>
</BackColor7>
<UnderColor7>
<Integer val="-1073741824"/>
</UnderColor7>
<UnderStyle7>
<Integer val="3"/>
</UnderStyle7>
<Name7>
<AUni ws="es">preposición</AUni>
<AUni ws="en">preposition</AUni>
<AUni ws="fr">préposition</AUni>
</Name7>
<Abbreviation7>
<AUni ws="es">prep</AUni>
<AUni ws="en">prep</AUni>
<AUni ws="fr">prép</AUni>
</Abbreviation7>
</PartOfSpeech>
</SubPossibilities7>
</PartOfSpeech>
<PartOfSpeech>
<BackColor7>
<Integer val="-1073741824"/>
</BackColor7>
<UnderColor7>
<Integer val="-1073741824"/>
</UnderColor7>
<UnderStyle7>
<Integer val="3"/>
</UnderStyle7>
<Name7>
<AUni ws="es">conjuntivo</AUni>
<AUni ws="en">conjunction</AUni>
<AUni ws="fr">conjonction</AUni>
</Name7>
<Abbreviation7>
<AUni ws="es">conj</AUni>
<AUni ws="en">conj</AUni>
<AUni ws="fr">conj</AUni>
</Abbreviation7>
</PartOfSpeech>
</SubPossibilities7>
</PartOfSpeech>
<PartOfSpeech>
<ForeColor7>
<Integer val="13631439"/>
</ForeColor7>
<BackColor7>
<Integer val="-1073741824"/>
</BackColor7>
<UnderColor7>
<Integer val="-1073741824"/>
</UnderColor7>
<UnderStyle7>
<Integer val="1"/>
</UnderStyle7>
<Name7>
<AUni ws="es">verbo</AUni>
<AUni ws="en">verb</AUni>
<AUni ws="fr">verbe</AUni>
</Name7>
<Abbreviation7>
<AUni ws="es">v</AUni>
<AUni ws="en">v</AUni>
<AUni ws="fr">v</AUni>
</Abbreviation7>
<SubPossibilities7>
<PartOfSpeech>
<ForeColor7>
<Integer val="12079"/>
</ForeColor7>
<BackColor7>
<Integer val="-1073741824"/>
</BackColor7>
<UnderColor7>
<Integer val="-1073741824"/>
</UnderColor7>
<UnderStyle7>
<Integer val="3"/>
</UnderStyle7>
<Name7>
<AUni ws="es">verbo auxiliar</AUni>
<AUni ws="en">auxiliary verb</AUni>
<AUni ws="fr">verbe auxiliaire</AUni>
</Name7>
<Abbreviation7>
<AUni ws="es">aux</AUni>
<AUni ws="en">aux</AUni>
<AUni ws="fr">aux</AUni>
</Abbreviation7>
</PartOfSpeech>
<PartOfSpeech>
<ForeColor7>
<Integer val="-1073741824"/>
</ForeColor7>
<BackColor7>
<Integer val="-1073741824"/>
</BackColor7>
<UnderColor7>
<Integer val="-1073741824"/>
</UnderColor7>
<Name7>
<AUni ws="es">verbo bitransitivo</AUni>
<AUni ws="en">bitransitive verb</AUni>
<AUni ws="fr">verbe bitransitif</AUni>
</Name7>
<Abbreviation7>
<AUni ws="es">bitrans</AUni>
<AUni ws="en">bitrans</AUni>
<AUni ws="fr">bitrans</AUni>
</Abbreviation7>
</PartOfSpeech>
<PartOfSpeech>
<ForeColor7>
<Integer val="9486591"/>
</ForeColor7>
<BackColor7>
<Integer val="-1073741824"/>
</BackColor7>
<UnderColor7>
<Integer val="-1073741824"/>
</UnderColor7>
<Name7>
<AUni ws="es">infinitivo</AUni>
<AUni ws="en">infinitive</AUni>
<AUni ws="fr">infinitif</AUni>
</Name7>
<Abbreviation7>
<AUni ws="es">inf</AUni>
<AUni ws="en">inf</AUni>
<AUni ws="fr">inf</AUni>
</Abbreviation7>
</PartOfSpeech>
<PartOfSpeech>
<ForeColor7>
<Integer val="49296"/>
</ForeColor7>
<BackColor7>
<Integer val="-1073741824"/>
</BackColor7>
<UnderColor7>
<Integer val="-1073741824"/>
</UnderColor7>
<UnderStyle7>
<Integer val="2"/>
</UnderStyle7>
<Name7>
<AUni ws="es">verbo intransitivo</AUni>
<AUni ws="en">intransitive verb</AUni>
<AUni ws="fr">verbe intransitif</AUni>
</Name7>
<Abbreviation7>
<AUni ws="es">intrans</AUni>
<AUni ws="en">intrans</AUni>
<AUni ws="fr">intrans</AUni>
</Abbreviation7>
</PartOfSpeech>
<PartOfSpeech>
<ForeColor7>
<Integer val="12079"/>
</ForeColor7>
<BackColor7>
<Integer val="-1073741824"/>
</BackColor7>
<UnderColor7>
<Integer val="-1073741824"/>
</UnderColor7>
<UnderStyle7>
<Integer val="2"/>
</UnderStyle7>
<Name7>
<AUni ws="es">participio</AUni>
<AUni ws="en">participle</AUni>
<AUni ws="fr">participe</AUni>
</Name7>
<Abbreviation7>
<AUni ws="es">part</AUni>
<AUni ws="en">part</AUni>
<AUni ws="fr">part</AUni>
</Abbreviation7>
</PartOfSpeech>
<PartOfSpeech>
<ForeColor7>
<Integer val="65280"/>
</ForeColor7>
<BackColor7>
<Integer val="-1073741824"/>
</BackColor7>
<UnderColor7>
<Integer val="-1073741824"/>
</UnderColor7>
<UnderStyle7>
<Integer val="4"/>
</UnderStyle7>
<Name7>
<AUni ws="es">reflexivo/a</AUni>
<AUni ws="en">reflexive</AUni>
<AUni ws="fr">réfléchi</AUni>
</Name7>
<Abbreviation7>
<AUni ws="es">ref</AUni>
<AUni ws="en">ref</AUni>
<AUni ws="fr">réf</AUni>
</Abbreviation7>
</PartOfSpeech>
<PartOfSpeech>
<ForeColor7>
<Integer val="16777152"/>
</ForeColor7>
<BackColor7>
<Integer val="-1073741824"/>
</BackColor7>
<UnderColor7>
<Integer val="-1073741824"/>
</UnderColor7>
<UnderStyle7>
<Integer val="2"/>
</UnderStyle7>
<Name7>
<AUni ws="es">estativo/a</AUni>
<AUni ws="en">stative</AUni>
<AUni ws="fr">d'état</AUni>
</Name7>
<Abbreviation7>
<AUni ws="es">est</AUni>
<AUni ws="en">sta</AUni>
<AUni ws="fr">état</AUni>
</Abbreviation7>
</PartOfSpeech>
<PartOfSpeech>
<ForeColor7>
<Integer val="49296"/>
</ForeColor7>
<BackColor7>
<Integer val="-1073741824"/>
</BackColor7>
<UnderColor7>
<Integer val="-1073741824"/>
</UnderColor7>
<UnderStyle7>
<Integer val="3"/>
</UnderStyle7>
<Name7>
<AUni ws="es">verbo transitivo</AUni>
<AUni ws="en">transitive verb</AUni>
<AUni ws="fr">verbe transitif</AUni>
</Name7>
<Abbreviation7>
<AUni ws="es">trans</AUni>
<AUni ws="en">trans</AUni>
<AUni ws="fr">trans</AUni>
</Abbreviation7>
</PartOfSpeech>
</SubPossibilities7>
</PartOfSpeech>
</Possibilities8>
</CmPossibilityList>
</PartsOfSpeech6001>
