<?xml version="1.0" encoding="UTF-8"?>
<!DOCTYPE PhonologicalData6001 SYSTEM "FwDatabase.dtd">
<PhonologicalData6001>
<PhPhonologicalData>
<PhonemeSets5099>
<PhPhonemeSet>
<Name5089>
<AUni ws="en">Main phoneme set</AUni>
</Name5089>
<Description5089>
<AStr ws="en">
<Run ws="en">Main phoneme set</Run>
</AStr>
</Description5089>
<BoundaryMarkers5089>
<PhBdryMarker>
<Name5090>
<AUni ws="en">#</AUni>
</Name5090>
<Description5090>
<AStr ws="en">
<Run ws="en">Word boundary</Run>
</AStr>
</Description5090>
<Codes5090>
<PhCode>
<Representation5098>
<AUni ws="en">#</AUni>
</Representation5098>
</PhCode>
</Codes5090>
</PhBdryMarker>
</BoundaryMarkers5089>
<Phonemes5089>
<PhPhoneme>
<Name5090>
<AUni ws="en">i</AUni>
</Name5090>
<Description5090>
<AStr ws="en">
<Run ws="en">high front unrounded vowel</Run>
</AStr>
</Description5090>
<Codes5090>
<PhCode>
<Representation5098>
<AUni ws="en">i</AUni>
</Representation5098>
</PhCode>
</Codes5090>
</PhPhoneme>
<PhPhoneme>
<Name5090>
<AUni ws="en">e</AUni>
</Name5090>
<Description5090>
<AStr ws="en">
<Run ws="en">mid front unrounded vowel</Run>
</AStr>
</Description5090>
<Codes5090>
<PhCode>
<Representation5098>
<AUni ws="en">e</AUni>
</Representation5098>
</PhCode>
</Codes5090>
</PhPhoneme>
<PhPhoneme>
<Name5090>
<AUni ws="en">a</AUni>
</Name5090>
<Description5090>
<AStr ws="en">
<Run ws="en">low central unrounded vowel</Run>
</AStr>
</Description5090>
<Codes5090>
<PhCode>
<Representation5098>
<AUni ws="en">a</AUni>
</Representation5098>
</PhCode>
</Codes5090>
</PhPhoneme>
<PhPhoneme>
<Name5090>
<AUni ws="en">o</AUni>
</Name5090>
<Description5090>
<AStr ws="en">
<Run ws="en">mid back rounded vowel</Run>
</AStr>
</Description5090>
<Codes5090>
<PhCode>
<Representation5098>
<AUni ws="en">o</AUni>
</Representation5098>
</PhCode>
</Codes5090>
</PhPhoneme>
<PhPhoneme>
<Name5090>
<AUni ws="en">u</AUni>
</Name5090>
<Description5090>
<AStr ws="en">
<Run ws="en">high back  rounded vowel</Run>
</AStr>
</Description5090>
<Codes5090>
<PhCode>
<Representation5098>
<AUni ws="en">u</AUni>
</Representation5098>
</PhCode>
</Codes5090>
</PhPhoneme>
<PhPhoneme>
<Name5090>
<AUni ws="en">p</AUni>
</Name5090>
<Description5090>
<AStr ws="en">
<Run ws="en">voiceless bilabial stop</Run>
</AStr>
</Description5090>
<Codes5090>
<PhCode>
<Representation5098>
<AUni ws="en">p</AUni>
</Representation5098>
</PhCode>
</Codes5090>
</PhPhoneme>
<PhPhoneme>
<Name5090>
<AUni ws="en">b</AUni>
</Name5090>
<Description5090>
<AStr ws="en">
<Run ws="en">voiced bilabial stop</Run>
</AStr>
</Description5090>
<Codes5090>
<PhCode>
<Representation5098>
<AUni ws="en">b</AUni>
</Representation5098>
</PhCode>
</Codes5090>
</PhPhoneme>
<PhPhoneme>
<Name5090>
<AUni ws="en">t</AUni>
</Name5090>
<Description5090>
<AStr ws="en">
<Run ws="en">voiceless alveolar stop</Run>
</AStr>
</Description5090>
<Codes5090>
<PhCode>
<Representation5098>
<AUni ws="en">t</AUni>
</Representation5098>
</PhCode>
</Codes5090>
</PhPhoneme>
<PhPhoneme>
<Name5090>
<AUni ws="en">d</AUni>
</Name5090>
<Description5090>
<AStr ws="en">
<Run ws="en">voiced alveolar stop</Run>
</AStr>
</Description5090>
<Codes5090>
<PhCode>
<Representation5098>
<AUni ws="en">d</AUni>
</Representation5098>
</PhCode>
</Codes5090>
</PhPhoneme>
<PhPhoneme>
<Name5090>
<AUni ws="en">k</AUni>
</Name5090>
<Description5090>
<AStr ws="en">
<Run ws="en">voiceless velar stop</Run>
</AStr>
</Description5090>
<Codes5090>
<PhCode>
<Representation5098>
<AUni ws="en">k</AUni>
</Representation5098>
</PhCode>
</Codes5090>
</PhPhoneme>
<PhPhoneme>
<Name5090>
<AUni ws="en">g</AUni>
</Name5090>
<Description5090>
<AStr ws="en">
<Run ws="en">voiced velar stop</Run>
</AStr>
</Description5090>
<Codes5090>
<PhCode>
<Representation5098>
<AUni ws="en">g</AUni>
</Representation5098>
</PhCode>
</Codes5090>
</PhPhoneme>
<PhPhoneme>
<Name5090>
<AUni ws="en">f</AUni>
</Name5090>
<Description5090>
<AStr ws="en">
<Run ws="en">voiceless labiodental fricative</Run>
</AStr>
</Description5090>
<Codes5090>
<PhCode>
<Representation5098>
<AUni ws="en">f</AUni>
</Representation5098>
</PhCode>
</Codes5090>
</PhPhoneme>
<PhPhoneme>
<Name5090>
<AUni ws="en">v</AUni>
</Name5090>
<Description5090>
<AStr ws="en">
<Run ws="en">voiced labiodental fricative</Run>
</AStr>
</Description5090>
<Codes5090>
<PhCode>
<Representation5098>
<AUni ws="en">v</AUni>
</Representation5098>
</PhCode>
</Codes5090>
</PhPhoneme>
<PhPhoneme>
<Name5090>
<AUni ws="en">s</AUni>
</Name5090>
<Description5090>
<AStr ws="en">
<Run ws="en">voiceless alveolar fricative</Run>
</AStr>
</Description5090>
<Codes5090>
<PhCode>
<Representation5098>
<AUni ws="en">s</AUni>
</Representation5098>
</PhCode>
</Codes5090>
</PhPhoneme>
<PhPhoneme>
<Name5090>
<AUni ws="en">z</AUni>
</Name5090>
<Description5090>
<AStr ws="en">
<Run ws="en">voiced alveolar fricative</Run>
</AStr>
</Description5090>
<Codes5090>
<PhCode>
<Representation5098>
<AUni ws="en">z</AUni>
</Representation5098>
</PhCode>
</Codes5090>
</PhPhoneme>
<PhPhoneme>
<Name5090>
<AUni ws="en">x</AUni>
</Name5090>
<Description5090>
<AStr ws="en">
<Run ws="en">voiceless velar fricative</Run>
</AStr>
</Description5090>
<Codes5090>
<PhCode>
<Representation5098>
<AUni ws="en">x</AUni>
</Representation5098>
</PhCode>
</Codes5090>
</PhPhoneme>
<PhPhoneme>
<Name5090>
<AUni ws="en">m</AUni>
</Name5090>
<Description5090>
<AStr ws="en">
<Run ws="en">bilabial nasal</Run>
</AStr>
</Description5090>
<Codes5090>
<PhCode>
<Representation5098>
<AUni ws="en">m</AUni>
</Representation5098>
</PhCode>
</Codes5090>
</PhPhoneme>
<PhPhoneme>
<Name5090>
<AUni ws="en">n</AUni>
</Name5090>
<Description5090>
<AStr ws="en">
<Run ws="en">alveolar nasal</Run>
</AStr>
</Description5090>
<Codes5090>
<PhCode>
<Representation5098>
<AUni ws="en">n</AUni>
</Representation5098>
</PhCode>
</Codes5090>
</PhPhoneme>
<PhPhoneme>
<Name5090>
<AUni ws="en">ŋ</AUni>
</Name5090>
<Description5090>
<AStr ws="en">
<Run ws="en">velar nasal</Run>
</AStr>
</Description5090>
<Codes5090>
<PhCode>
<Representation5098>
<AUni ws="en">ŋ</AUni>
</Representation5098>
</PhCode>
</Codes5090>
</PhPhoneme>
<PhPhoneme>
<Name5090>
<AUni ws="en">l</AUni>
</Name5090>
<Description5090>
<AStr ws="en">
<Run ws="en">alveolar lateral</Run>
</AStr>
</Description5090>
<Codes5090>
<PhCode>
<Representation5098>
<AUni ws="en">l</AUni>
</Representation5098>
</PhCode>
</Codes5090>
</PhPhoneme>
<PhPhoneme>
<Name5090>
<AUni ws="en">r</AUni>
</Name5090>
<Description5090>
<AStr ws="en">
<Run ws="en">alveolar flap</Run>
</AStr>
</Description5090>
<Codes5090>
<PhCode>
<Representation5098>
<AUni ws="en">r</AUni>
</Representation5098>
</PhCode>
</Codes5090>
</PhPhoneme>
<PhPhoneme>
<Name5090>
<AUni ws="en">w</AUni>
</Name5090>
<Description5090>
<AStr ws="en">
<Run ws="en">labiovelar approximant</Run>
</AStr>
</Description5090>
<Codes5090>
<PhCode>
<Representation5098>
<AUni ws="en">w</AUni>
</Representation5098>
</PhCode>
</Codes5090>
</PhPhoneme>
<PhPhoneme>
<Name5090>
<AUni ws="en">y</AUni>
</Name5090>
<Description5090>
<AStr ws="en">
<Run ws="en">palatal approximate</Run>
</AStr>
</Description5090>
<Codes5090>
<PhCode>
<Representation5098>
<AUni ws="en">y</AUni>
</Representation5098>
</PhCode>
</Codes5090>
</PhPhoneme>
</Phonemes5089>
</PhPhonemeSet>
</PhonemeSets5099>
</PhPhonologicalData>
</PhonologicalData6001>
