<?xml version="1.0" encoding="UTF-8"?>
<!DOCTYPE Status5005 SYSTEM "FwDatabase.dtd">
<Status5005>
<CmPossibilityList id="SenseStatusList">
<WsSelector8>
<Integer val="-3"/>
</WsSelector8>
<Depth8>
<Integer val="1"/>
</Depth8>
<ItemClsid8>
<Integer val="7"/>
</ItemClsid8>
<Name5>
<AUni ws="en">Sense Status</AUni>
</Name5>
<Abbreviation8>
<AUni ws="en">SenStat</AUni>
</Abbreviation8>
<Possibilities8>
<CmPossibility>
<Name7>
<AUni ws="en">Confirmed</AUni>
</Name7>
<Abbreviation7>
<AUni ws="en">Conf</AUni>
</Abbreviation7>
</CmPossibility>
<CmPossibility>
<Name7>
<AUni ws="en">Approved</AUni>
</Name7>
<Abbreviation7>
<AUni ws="en">Appr</AUni>
</Abbreviation7>
</CmPossibility>
<CmPossibility>
<Name7>
<AUni ws="en">Tentative</AUni>
</Name7>
<Abbreviation7>
<AUni ws="en">Tent</AUni>
</Abbreviation7>
</CmPossibility>
</Possibilities8>
</CmPossibilityList>
</Status5005>
