<?xml version="1.0" encoding="UTF-8"?>
<!DOCTYPE TranslationTags6001 SYSTEM "FwDatabase.dtd">
<TranslationTags6001>
<CmPossibilityList id="ID7F71649-E8CF-11D3-9764-00C04F186933">
<IsSorted8><Boolean val="true"/></IsSorted8>
<ItemClsid8><Integer val="7"/></ItemClsid8>
<WsSelector8><Integer val="-3"/></WsSelector8>
<Name5>
<AUni ws="en">Translation Types</AUni>
</Name5>
<Abbreviation8>
<AUni ws="en">Type</AUni>
</Abbreviation8>
<Possibilities8>
<CmPossibility id="I80A0DDDB-8B4B-4454-B872-88ADEC6F2ABA">
<IsProtected7><Boolean val="true"/></IsProtected7>
<Name7>
<AUni ws="en">Back translation</AUni>
</Name7>
<Abbreviation7>
<AUni ws="en">BT</AUni>
</Abbreviation7>
</CmPossibility>
<CmPossibility id="ID7F7164A-E8CF-11D3-9764-00C04F186933">
<IsProtected7><Boolean val="true"/></IsProtected7>
<Name7>
<AUni ws="en">Free translation</AUni>
<AUni ws="fr">Traduction libre</AUni>
<AUni ws="es">Traducciￃﾳn libre</AUni>
</Name7>
<Abbreviation7>
<AUni ws="en">FT</AUni>
<AUni ws="fr">TL:</AUni>
<AUni ws="es">TB:</AUni>
</Abbreviation7>
</CmPossibility>
<CmPossibility id="ID7F7164B-E8CF-11D3-9764-00C04F186933">
<IsProtected7><Boolean val="true"/></IsProtected7>
<Name7>
<AUni ws="en">Literal translation</AUni>
<AUni ws="fr">Traduction littￃﾩrale</AUni>
<AUni ws="es">Traducciￃﾳn lliteral</AUni>
</Name7>
<Abbreviation7>
<AUni ws="en">LT</AUni>
<AUni ws="fr">TP:</AUni>
<AUni ws="es">TT:</AUni>
</Abbreviation7>
</CmPossibility>
</Possibilities8>
</CmPossibilityList>
</TranslationTags6001>
