<?xml version="1.0"?>
<doc>
    <assembly>
        <name>NUnitForms.Recorder</name>
    </assembly>
    <members>
        <member name="M:NUnit.Extensions.Forms.Recorder.Action.NoSpace(System.String)">
            <summary>
            Removes all spaces from a string.
            </summary>
            <param name="name">
            Remove all spaces from this string.
            </param>
            <returns>
            <list type="bullet">
            <item><paramref name="name"/> without spaces.</item>
            <item>if <paramref name="name"/> is not effective, returns an empty string</item>
            </list>
            </returns>
        </member>
        <member name="F:NUnit.Extensions.Forms.Recorder.Action.definition">
            <summary>
            The reference to the associated definition.
            </summary>
        </member>
        <member name="P:NUnit.Extensions.Forms.Recorder.Action.Definition">
            <summary>
            Sets or gets the <see cref="P:NUnit.Extensions.Forms.Recorder.Action.Definition"/> associated with this <c>Action</c>.
            </summary>
            <value>
            The associated <see cref="P:NUnit.Extensions.Forms.Recorder.Action.Definition"/>.
            </value>
            <exception cref="T:System.ArgumentException">
            This exception is thrown if no effective value is given.
            </exception>
        </member>
        <member name="P:NUnit.Extensions.Forms.Recorder.Action.Control">
            <summary>
            
            </summary>
        </member>
        <member name="T:NUnit.Extensions.Forms.Recorder.ToolStripRecorder">
            <summary>
            Base recorder class for all ToolStrip classes.
            </summary>
        </member>
        <member name="T:NUnit.Extensions.Forms.Recorder.AppForm">
            <summary>
            Summary description for AppForm.
            </summary>
        </member>
        <member name="M:NUnit.Extensions.Forms.Recorder.AppForm.Dispose(System.Boolean)">
            <summary>
            Clean up any resources being used.
            </summary>
        </member>
        <member name="M:NUnit.Extensions.Forms.Recorder.AppForm.InitializeComponent">
            <summary>
            Required method for Designer support - do not modify
            the contents of this method with the code editor.
            </summary>
        </member>
        <member name="M:NUnit.Extensions.Forms.Recorder.TestWriter.#ctor(System.Windows.Forms.Form)">
            <summary>
            Initialize a <c>TestWriter</c> for a form.
            </summary>
            <param name="form">
            The <see cref="T:System.Windows.Forms.Form"/> whose event are followed and recorded in a test.
            </param>
            <exception cref="T:System.ArgumentException">
            This exception is thrown if <paramref name="form"/> is not effective.
            </exception>
        </member>
        <member name="M:NUnit.Extensions.Forms.Recorder.TestWriter.AddDefinition(NUnit.Extensions.Forms.Recorder.Definition)">
            <summary>
            Add a definition to the list of definitions.
            </summary>
            <param name="definition">
            The definition which will be added.
            </param>
            <exception cref="T:System.ArgumentException">
            This exception is thrown if <paramref name="definition"/> is not effective.
            </exception>
        </member>
        <member name="M:NUnit.Extensions.Forms.Recorder.TestWriter.AddAction(NUnit.Extensions.Forms.Recorder.Action)">
            <summary>
            Add an action to the list of actions.
            </summary>
            <param name="action">
            The action which will be added.
            </param>
            /// <exception cref="T:System.ArgumentException">
            This exception is thrown if <paramref name="action"/> is not effective.
            </exception>
        </member>
        <member name="M:NUnit.Extensions.Forms.Recorder.TestWriter.Find(System.String,System.Windows.Forms.Form)">
            <summary>
            Look for controls or menu items on a form.
            </summary>
            <param name="name">
            The name of the control or menu item to look for.
            </param>
            <param name="form">
            The form which contains the control or menu item we are looking for.
            </param>
            <exception cref="T:NUnit.Extensions.Forms.AmbiguousNameException">
            This exception is thrown if no control or menu item is found.
            </exception>
        </member>
        <member name="M:NUnit.Extensions.Forms.Recorder.TestWriter.GetName(System.Object,System.Windows.Forms.Form)">
            <summary>
            
            </summary>
            <param name="control"></param>
            <param name="form"></param>
            <returns></returns>
            <remarks>
            won't yet return unique name for two different tester types
            on the same actual control.  
            </remarks>
        </member>
        <member name="M:NUnit.Extensions.Forms.Recorder.TestWriter.UpdateTest">
            <summary>
            Update a unit test method : all actions and definitions are updated. The updated unit
            test is available at <see cref="P:NUnit.Extensions.Forms.Recorder.TestWriter.Test"/>.
            </summary>
        </member>
        <member name="M:NUnit.Extensions.Forms.Recorder.TestWriter.WriteDefinition(NUnit.Extensions.Forms.Recorder.Definition,System.Text.StringBuilder)">
            <summary>
            Append a definition to a string buffer.
            </summary>
            <param name="definition">
            The definition to append to a string buffer.
            </param>
            <param name="sb">
            The string buffer.
            </param>
            <exception cref="T:System.ArgumentException">
            This exception is thrown if <paramref name="sb"/> or <paramref name="definition"/> is not effective.
            </exception>
        </member>
        <member name="M:NUnit.Extensions.Forms.Recorder.TestWriter.WriteAction(System.String,System.Text.StringBuilder)">
            <summary>
            Write an action to a string buffer.
            </summary>
            <param name="action">
            The action to append to the string buffer.
            </param>
            <param name="sb">
            The string buffer.
            </param>
            <exception cref="T:System.ArgumentException">
            This exception is thrown if <paramref name="sb"/> or <paramref name="action"/> is not effective.
            </exception>
        </member>
        <member name="M:NUnit.Extensions.Forms.Recorder.TestWriter.WriteLine(System.Text.StringBuilder)">
            <summary>
            Append a new line at the end of a string buffer.
            </summary>
            <param name="sb">
            The buffer to append a new line to.
            </param>
            <exception cref="T:System.ArgumentException">
            This exception is thrown if <paramref name="sb"/> is not effective.
            </exception>
        </member>
        <member name="M:NUnit.Extensions.Forms.Recorder.TestWriter.WriteTab(System.Text.StringBuilder)">
            <summary>
            Append a tab at the end of a string buffer.
            </summary>
            <param name="sb">
            The buffer to append a tab to.
            </param>
            <exception cref="T:System.ArgumentException">
            This exception is thrown if <paramref name="sb"/> is not effective.
            </exception>
        </member>
        <member name="P:NUnit.Extensions.Forms.Recorder.TestWriter.Test">
            <summary>
            Gets or sets the text representation of this test.
            </summary>
            <value>
            This test. Not effective values are set as empty strings.
            </value>
        </member>
        <member name="T:NUnit.Extensions.Forms.Recorder.CompareControlCaptureAction">
            <summary>
            This action allows to compare a capture of a <see cref="T:System.Windows.Forms.Control"/> with a stored capture.
            </summary>
        </member>
        <member name="M:NUnit.Extensions.Forms.Recorder.CompareControlCaptureAction.#ctor(System.String,System.Object)">
            <summary>
            Initialize this action.
            </summary>
            <param name="name">
            The file which contains the capture of a control.
            </param>
            <param name="val">
            </param>
        </member>
        <member name="M:NUnit.Extensions.Forms.Recorder.Definition.NoSpace(System.String)">
            <summary>
            Removes all spaces from a string.
            </summary>
            <param name="name">
            Remove all spaces from this string.
            </param>
            <returns>
            <list type="bullet">
            <item><paramref name="name"/> without spaces.</item>
            <item>if <paramref name="name"/> is not effective, returns an empty string</item>
            </list>
            </returns>
        </member>
        <member name="P:NUnit.Extensions.Forms.Recorder.Definition.VarName">
            <summary>
            The variable name of an instance.
            </summary>
            <example>
            <i>toolStripSplitButton1</i> Is the variable name of an instance:
            <code>
            ToolStripSplitButtonTester toolStripSplitButton1 = new ToolStripSplitButtonTester("toolStripSplitButton1");
            </code>
            </example>
        </member>
        <member name="T:NUnit.Extensions.Forms.Recorder.FormFactory">
            <summary>
            This class can create forms of any type and satisfies any
            constructor specified dependencies.
            </summary>
            <remarks>
            Consider it for internal purposes only by the recorder
            application. The recorder should eventually be able to
            generate tests that use mock objects to satisfy the
            dependencies of a Form. Expectations should be generated by
            the recorder application. Until then it is just used to
            instantiate simple forms. So test this.
            </remarks>                                                 
        </member>
        <member name="M:NUnit.Extensions.Forms.Recorder.FormFactory.New(System.Type)">
            <summary>
            Create a form of the specified type.
            </summary>
            <param name="type">The type of form to create</param>
            <returns>An instance of the form</returns>
        </member>
    </members>
</doc>
