<?xml version="1.0" encoding="UTF-8"?><?xml-stylesheet type='text/xsl' href='_UpgradeReport_Files/UpgradeReport.xslt'?><UpgradeLog>
<Properties><Property Name="Solution" Value="NUnitForms">
</Property><Property Name="Solution File" Value="C:\Projects\fw_vs2010\Bin\nunitforms\nunitforms-.NET 2.0 alpha5.src\nunitforms\source\NUnitForms.sln">
</Property><Property Name="Date" Value="Friday, October 21, 2011">
</Property><Property Name="Time" Value="14:37 PM">
</Property></Properties><Event ErrorLevel="1" Project="NUnitForms.Test" Source="NUnitForms.Test\NUnitForms.Test.csproj" Description="Your project is targeting .NET Framework 2.0 or 3.0. If your project uses assemblies requiring a newer .NET Framework, your project will fail to build. You can change the .NET Framework version by clicking Properties on the project menu and then selecting a new version in the '.NET Framework' dropdown box. (In Visual Basic, this is located on the Compile tab by clicking the 'Advanced Compiler Options...' button.)">
</Event><Event ErrorLevel="0" Project="NUnitForms.Test" Source="NUnitForms.Test\NUnitForms.Test.csproj" Description="Project converted successfully">
</Event><Event ErrorLevel="3" Project="NUnitForms.Test" Source="NUnitForms.Test\NUnitForms.Test.csproj" Description="Converted">
</Event><Event ErrorLevel="1" Project="NUnitForms.Recorder" Source="NUnitForms.Recorder\NUnitForms.Recorder.csproj" Description="Your project is targeting .NET Framework 2.0 or 3.0. If your project uses assemblies requiring a newer .NET Framework, your project will fail to build. You can change the .NET Framework version by clicking Properties on the project menu and then selecting a new version in the '.NET Framework' dropdown box. (In Visual Basic, this is located on the Compile tab by clicking the 'Advanced Compiler Options...' button.)">
</Event><Event ErrorLevel="0" Project="NUnitForms.Recorder" Source="NUnitForms.Recorder\NUnitForms.Recorder.csproj" Description="Project converted successfully">
</Event><Event ErrorLevel="3" Project="NUnitForms.Recorder" Source="NUnitForms.Recorder\NUnitForms.Recorder.csproj" Description="Converted">
</Event><Event ErrorLevel="1" Project="NUnitForms.Player.Application" Source="NUnitForms.Player.Application\NUnitForms.Player.Application.csproj" Description="Your project is targeting .NET Framework 2.0 or 3.0. If your project uses assemblies requiring a newer .NET Framework, your project will fail to build. You can change the .NET Framework version by clicking Properties on the project menu and then selecting a new version in the '.NET Framework' dropdown box. (In Visual Basic, this is located on the Compile tab by clicking the 'Advanced Compiler Options...' button.)">
</Event><Event ErrorLevel="0" Project="NUnitForms.Player.Application" Source="NUnitForms.Player.Application\NUnitForms.Player.Application.csproj" Description="Project converted successfully">
</Event><Event ErrorLevel="3" Project="NUnitForms.Player.Application" Source="NUnitForms.Player.Application\NUnitForms.Player.Application.csproj" Description="Converted">
</Event><Event ErrorLevel="1" Project="NUnitForms.Recorder.Application" Source="NUnitForms.Recorder.Application\NUnitForms.Recorder.Application.csproj" Description="Your project is targeting .NET Framework 2.0 or 3.0. If your project uses assemblies requiring a newer .NET Framework, your project will fail to build. You can change the .NET Framework version by clicking Properties on the project menu and then selecting a new version in the '.NET Framework' dropdown box. (In Visual Basic, this is located on the Compile tab by clicking the 'Advanced Compiler Options...' button.)">
</Event><Event ErrorLevel="0" Project="NUnitForms.Recorder.Application" Source="NUnitForms.Recorder.Application\NUnitForms.Recorder.Application.csproj" Description="Project converted successfully">
</Event><Event ErrorLevel="3" Project="NUnitForms.Recorder.Application" Source="NUnitForms.Recorder.Application\NUnitForms.Recorder.Application.csproj" Description="Converted">
</Event><Event ErrorLevel="0" Project="NUnitForms.TeamTest.Example" Source="NUnitForms.TeamTest.Example\NUnitForms.TeamTest.Example.csproj" Description="Project converted successfully">
</Event><Event ErrorLevel="3" Project="NUnitForms.TeamTest.Example" Source="NUnitForms.TeamTest.Example\NUnitForms.TeamTest.Example.csproj" Description="Converted">
</Event><Event ErrorLevel="1" Project="NUnitForms" Source="NUnitForms\NUnitForms.csproj" Description="Your project is targeting .NET Framework 2.0 or 3.0. If your project uses assemblies requiring a newer .NET Framework, your project will fail to build. You can change the .NET Framework version by clicking Properties on the project menu and then selecting a new version in the '.NET Framework' dropdown box. (In Visual Basic, this is located on the Compile tab by clicking the 'Advanced Compiler Options...' button.)">
</Event><Event ErrorLevel="0" Project="NUnitForms" Source="NUnitForms\NUnitForms.csproj" Description="Project converted successfully">
</Event><Event ErrorLevel="3" Project="NUnitForms" Source="NUnitForms\NUnitForms.csproj" Description="Converted">
</Event><Event ErrorLevel="1" Project="NUnitForms.Example" Source="NUnitForms.Example\NUnitForms.Example.csproj" Description="Your project is targeting .NET Framework 2.0 or 3.0. If your project uses assemblies requiring a newer .NET Framework, your project will fail to build. You can change the .NET Framework version by clicking Properties on the project menu and then selecting a new version in the '.NET Framework' dropdown box. (In Visual Basic, this is located on the Compile tab by clicking the 'Advanced Compiler Options...' button.)">
</Event><Event ErrorLevel="0" Project="NUnitForms.Example" Source="NUnitForms.Example\NUnitForms.Example.csproj" Description="Project converted successfully">
</Event><Event ErrorLevel="3" Project="NUnitForms.Example" Source="NUnitForms.Example\NUnitForms.Example.csproj" Description="Converted">
</Event><Event ErrorLevel="1" Project="NUnitForms.Player" Source="NUnitForms.Player\NUnitForms.Player.csproj" Description="Your project is targeting .NET Framework 2.0 or 3.0. If your project uses assemblies requiring a newer .NET Framework, your project will fail to build. You can change the .NET Framework version by clicking Properties on the project menu and then selecting a new version in the '.NET Framework' dropdown box. (In Visual Basic, this is located on the Compile tab by clicking the 'Advanced Compiler Options...' button.)">
</Event><Event ErrorLevel="0" Project="NUnitForms.Player" Source="NUnitForms.Player\NUnitForms.Player.csproj" Description="Project converted successfully">
</Event><Event ErrorLevel="3" Project="NUnitForms.Player" Source="NUnitForms.Player\NUnitForms.Player.csproj" Description="Converted">
</Event><Event ErrorLevel="1" Project="NUnitForms.ScreenCapture" Source="NUnitForms.ScreenCapture\NUnitForms.ScreenCapture.csproj" Description="Your project is targeting .NET Framework 2.0 or 3.0. If your project uses assemblies requiring a newer .NET Framework, your project will fail to build. You can change the .NET Framework version by clicking Properties on the project menu and then selecting a new version in the '.NET Framework' dropdown box. (In Visual Basic, this is located on the Compile tab by clicking the 'Advanced Compiler Options...' button.)">
</Event><Event ErrorLevel="0" Project="NUnitForms.ScreenCapture" Source="NUnitForms.ScreenCapture\NUnitForms.ScreenCapture.csproj" Description="Project converted successfully">
</Event><Event ErrorLevel="3" Project="NUnitForms.ScreenCapture" Source="NUnitForms.ScreenCapture\NUnitForms.ScreenCapture.csproj" Description="Converted">
</Event><Event ErrorLevel="0" Project="" Source="NUnitForms.sln" Description="Solution converted successfully">
</Event><Event ErrorLevel="3" Project="" Source="NUnitForms.sln" Description="Converted">
</Event><Event ErrorLevel="0" Project="NUnitForms.Test" Source="NUnitForms.Test\NUnitForms.Test.csproj" Description="Scan complete: Upgrade not required for project files.">
</Event><Event ErrorLevel="0" Project="NUnitForms.Recorder" Source="NUnitForms.Recorder\NUnitForms.Recorder.csproj" Description="Scan complete: Upgrade not required for project files.">
</Event><Event ErrorLevel="0" Project="NUnitForms.Player.Application" Source="NUnitForms.Player.Application\NUnitForms.Player.Application.csproj" Description="Scan complete: Upgrade not required for project files.">
</Event><Event ErrorLevel="0" Project="NUnitForms.Recorder.Application" Source="NUnitForms.Recorder.Application\NUnitForms.Recorder.Application.csproj" Description="Scan complete: Upgrade not required for project files.">
</Event><Event ErrorLevel="0" Project="NUnitForms.TeamTest.Example" Source="NUnitForms.TeamTest.Example\NUnitForms.TeamTest.Example.csproj" Description="Scan complete: Upgrade not required for project files.">
</Event><Event ErrorLevel="0" Project="NUnitForms" Source="NUnitForms\NUnitForms.csproj" Description="Scan complete: Upgrade not required for project files.">
</Event><Event ErrorLevel="0" Project="NUnitForms.Example" Source="NUnitForms.Example\NUnitForms.Example.csproj" Description="Scan complete: Upgrade not required for project files.">
</Event><Event ErrorLevel="0" Project="NUnitForms.Player" Source="NUnitForms.Player\NUnitForms.Player.csproj" Description="Scan complete: Upgrade not required for project files.">
</Event><Event ErrorLevel="0" Project="NUnitForms.ScreenCapture" Source="NUnitForms.ScreenCapture\NUnitForms.ScreenCapture.csproj" Description="Scan complete: Upgrade not required for project files.">
</Event></UpgradeLog>