﻿<LayoutInventory>
  <layout class="MoMorphType" type="jtview" name="publishStemMorphType" version="10">
    <part ref="AbbreviationPub" label="Abbreviation" before="" after="" ws="analysis" visibility="never" wsType="analysis" sep=" " />
    <part ref="NamePub" label="Name" before="" after="" visibility="never" ws="analysis" wsType="analysis" sep=" " />
  </layout>
  <layout class="MoMorphType" type="jtview" name="publishStemMinorMorphType" version="10">
    <part ref="AbbreviationPub" label="Abbreviation" before="" after="" ws="analysis" visibility="never" wsType="analysis" sep=" " />
    <part ref="NamePub" label="Name" before="" after="" visibility="never" ws="analysis" wsType="analysis" sep=" " />
  </layout>
  <layout class="MoMorphType" type="jtview" name="publishRootMorphType" version="10">
    <part ref="AbbreviationPub" label="Abbreviation" before="" after="" ws="analysis" visibility="never" wsType="analysis" sep=" " />
    <part ref="NamePub" label="Name" before="" after="" visibility="never" ws="analysis" wsType="analysis" sep=" " />
  </layout>
  <layout class="MoMorphType" type="jtview" name="publishRootSubMorphType" version="10">
    <part ref="AbbreviationPub" label="Abbreviation" before="" after="" ws="analysis" visibility="never" wsType="analysis" sep=" " />
    <part ref="NamePub" label="Name" before="" after="" visibility="never" ws="analysis" wsType="analysis" sep=" " />
  </layout>
  <layout class="MoMorphType" type="jtview" name="publishRootMinorMorphType" version="10">
    <part ref="AbbreviationPub" label="Abbreviation" before="" after="" ws="analysis" visibility="never" wsType="analysis" sep=" " />
    <part ref="NamePub" label="Name" before="" after="" visibility="never" ws="analysis" wsType="analysis" sep=" " />
  </layout>
</LayoutInventory>