<?xml version="1.0"?>
<BackupProjectSettings xmlns:xsi="http://www.w3.org/2001/XMLSchema-instance" xmlns:xsd="http://www.w3.org/2001/XMLSchema">
  <Comment>TestRestore</Comment>
  <ConfigurationSettings>true</ConfigurationSettings>
  <MediaFiles>false</MediaFiles>
  <Fonts>false</Fonts>
  <Keyboards>false</Keyboards>
  <DestinationFolder>C:\FwWW\Src\FDO\FDOTests\BackupRestore\BackupsTestDir\</DestinationFolder>
  <ProjectName>TestRestoreFWProject</ProjectName>
  <DateOfBackup>2010-6-2</DateOfBackup>
  <HourOfBackup>17</HourOfBackup>
  <MinuteOfBackup>38</MinuteOfBackup>
</BackupProjectSettings>