# Components patches published on base 1452 added, from every .msp on the update bucket
# ComponentId	Component	File	Feature	FirstShipped	LastShipped
{DA0940BD-0FA2-5C72-BC6F-EFADFC01AF8A}	cmp8F63659DC44FBC0F7703F8C24F1DF4DC	AIExportInstructions.md	Complete	9.3.11.2693	9.3.12.2760
{D3F3D4D1-690D-5570-90C3-07AC15DBF944}	cmp6F532A88487F846B64ADC73FD2069DC9	Avalonia.Base.dll	Complete	9.3.11.2649	9.3.12.2760
{48987B23-7456-544F-A320-AD7F5DD13B67}	cmp295D431BF73CBADDD7FCD13AC811E14D	Avalonia.Controls.dll	Complete	9.3.11.2649	9.3.12.2760
{644EFFE3-9DFF-507A-8D53-17A1167496F8}	cmp515AEF8E04CEE9DBD98D566FFBFC5465	Avalonia.DesignerSupport.dll	Complete	9.3.11.2649	9.3.12.2760
{DB85E238-F9C9-55B7-8C76-FA2CC185A8E3}	cmp60F16D63CA4BC46430A7ECB89F46FA18	Avalonia.Desktop.dll	Complete	9.3.11.2649	9.3.12.2760
{DBF8B74B-D91F-5F23-B4D1-E55DC755DCE7}	cmpFA9EACE595AFE0745CF5143237D52623	Avalonia.Dialogs.dll	Complete	9.3.11.2649	9.3.12.2760
{B7C5DCDD-0DF8-5436-AF56-55A83851A666}	cmp660B3182149886A1D06AF308784F3CBC	Avalonia.dll	Complete	9.3.11.2649	9.3.12.2760
{91ABBE9E-0556-5EC8-9221-482000C1A71C}	cmpF938C1EDEF7D137C951EE38003E863C8	Avalonia.FreeDesktop.dll	Complete	9.3.11.2649	9.3.12.2760
{2DA9E2A1-1CC9-5E58-A5BD-2B6C11CF4040}	cmpB34F12C6C13ACAA9D4391C4044F7C1A4	Avalonia.Headless.dll	Complete	9.3.11.2649	9.3.12.2760
{BECB2C60-A212-524F-8EE7-E42C5491F78E}	cmp49FE4DA9C83AA91FE4179EAD8590BF5F	Avalonia.Headless.NUnit.dll	Complete	9.3.11.2649	9.3.12.2760
{59864563-443D-544D-BCDC-7C0D85EF7D44}	cmp078E9C2E631026E5BBBDBBB010B6D7D0	Avalonia.Markup.dll	Complete	9.3.11.2649	9.3.12.2760
{5719C05E-839F-5F34-BBEC-AB1D3F0209F8}	cmp538664F9813F44D6D4610976AC1D20B5	Avalonia.Markup.Xaml.dll	Complete	9.3.11.2649	9.3.12.2760
{A844E72E-3716-5E1E-91F6-789F62C9AC5B}	cmpF639D8A1AAA4AC4F63933E45B12FAD75	Avalonia.Metal.dll	Complete	9.3.11.2649	9.3.12.2760
{03A04376-78E7-5146-9381-B8BC765D0E87}	cmp7DD0D4584C33CDF6F05FD47176EC792A	Avalonia.MicroCom.dll	Complete	9.3.11.2649	9.3.12.2760
{056CF987-318F-53BB-A76C-3ABFD17DA11B}	cmp19619B1BF81C2A500731F072FC6EEDA7	Avalonia.Native.dll	Complete	9.3.11.2649	9.3.12.2760
{264A8059-4F17-5B37-95DA-F5E26A11902E}	cmp58CBF46A4A82BB2422AA8BD590F27D92	Avalonia.OpenGL.dll	Complete	9.3.11.2649	9.3.12.2760
{E8EC545A-7485-5166-9315-E972C22E04D0}	cmpE54DA5F709820A816226FCBC2E8F9B5B	Avalonia.Remote.Protocol.dll	Complete	9.3.11.2649	9.3.12.2760
{8216A4FF-C3C9-5F6A-BBB3-97862E97EAD2}	cmp0B0E423744DFBF7DB1AD90D3E5B94209	Avalonia.Skia.dll	Complete	9.3.11.2649	9.3.12.2760
{B3A225EB-3642-5FE4-8ED4-B2DAE6F8AC9B}	cmpF906DFA4FA548A236D02C0A143CCEF15	Avalonia.Themes.Fluent.dll	Complete	9.3.11.2649	9.3.12.2718
{4239BA48-B86B-52D5-99AD-0F0AFFB034BD}	cmp6BFB5ADF4855D99B80240BFB4127E6F5	Avalonia.Vulkan.dll	Complete	9.3.11.2649	9.3.12.2760
{B2E449AC-85AC-540C-83A0-7C8CB9005FB0}	cmpFC099FB902BFDDE81E4773FB637CD110	Avalonia.Win32.Automation.dll	Complete	9.3.11.2649	9.3.12.2760
{C358C2B8-04D4-5E0A-AE61-8D436EDC1860}	cmp47567C3CF2B33B158D6003CCA591A2C0	Avalonia.Win32.dll	Complete	9.3.11.2649	9.3.12.2760
{481D8C24-66DE-5F14-ABB1-C80300D372AA}	cmpD97DACBAF1F92AF60E34BCB54D4891A6	Avalonia.Win32.Interoperability.dll	Complete	9.3.11.2649	9.3.12.2760
{C0DBE567-DE9D-595A-85F7-48B64DE5B3DB}	cmp7519FFB6B965DC9DDB696DB54C3365A9	Avalonia.X11.dll	Complete	9.3.11.2649	9.3.12.2760
{9C145F8E-5738-503C-87CE-710C2DEE46B8}	cmpBA8AFE637D8BF45BE83C8678EFE986F5	CommunityToolkit.Mvvm.dll	Complete	9.3.11.2649	9.3.12.2760
{138EDD05-02B0-5C55-9DBA-6A0CC9726DA3}	cmpE3398985DA0F0DBF2A03ADA8BABB122E	FwAvalonia.dll	Complete	9.3.11.2649	9.3.12.2760
{8F71DC11-6DCD-5578-897F-05A3A507BD50}	cmp7F8FEA8233D91ADDE7F99189DEEE06E7	FwAvalonia.dll.config	Complete	9.3.11.2649	9.3.12.2760
{EC9D9EB3-991F-5563-AEF3-7B290DD448D9}	cmp4B58D41AC8D441E39C67C9FE6E6F4B85	FwAvalonia.pdb	Complete	9.3.11.2649	9.3.12.2760
{00FD6E6A-496C-5310-AD67-45189D67AF41}	cmpC744447C9E3167AF5E91CD4C5D78C756	FwAvalonia.resources.dll	Spanish	9.3.11.2649	9.3.12.2760
{095448E5-5112-5EEF-92F5-FB28D4FCDDC0}	cmp5D3F85D73A47D90E315C4469F29EA51B	FwAvalonia.resources.dll	French	9.3.11.2649	9.3.12.2760
{0D6418A5-F6D6-5090-A3D1-8FEB78E449D3}	cmpC6AF4718DDA44D0F92E882FA0FA083BC	FwAvalonia.resources.dll	Vietnamese	9.3.11.2649	9.3.12.2760
{16380557-C64E-51F8-B35A-0B92F957BF35}	cmpF9A97A3D1E5F46CC75623A11AF8B64D9	FwAvalonia.resources.dll	Malay	9.3.11.2649	9.3.12.2760
{1DAFF7DC-57B1-500B-A643-563C8015367A}	cmp3D7CC9B577D9CE4B86D7EBB3E918BC61	FwAvalonia.resources.dll	Urdu	9.3.11.2649	9.3.12.2760
{21B4E444-8349-54D4-88E7-84936048C2A4}	cmp5E829FE1D852405FCE4A88CC0E6D8721	FwAvalonia.resources.dll	Azerbaijani	9.3.11.2649	9.3.12.2760
{255AD1F7-CA36-5D6C-B903-A887CFAD66F1}	cmpDCEA9861FD22B1B0B313AB6ED5FF566A	FwAvalonia.resources.dll	Hindi	9.3.11.2649	9.3.12.2760
{27549925-9A72-5265-9DA2-5F5524D9ED0D}	cmp64F38BDDCA32FB2EB6BD554E10E3F1BE	FwAvalonia.resources.dll	Malay	9.3.11.2649	9.3.12.2760
{3E327A7D-94CD-5BD8-827C-38635FCF53E9}	cmpC204756496A4292493EE634E2478E7D9	FwAvalonia.resources.dll	Swahili	9.3.11.2649	9.3.12.2760
{410A087A-45EF-5C59-AF88-BD60A54FFC28}	cmpD6A8E5A8331698ECB9A1A4B73E4027FA	FwAvalonia.resources.dll	Portuguese	9.3.11.2649	9.3.12.2760
{4ABB6A21-6F95-58B2-8C16-38B74CBD220F}	cmp87AFA172D4ED6657F2F23425A93039DC	FwAvalonia.resources.dll	Yoruba	9.3.11.2649	9.3.12.2760
{4B40E5CB-30D5-5677-A13C-F62EB4A6C9EF}	cmp186CD5D44F2C490314A17B8B12F1E458	FwAvalonia.resources.dll	Chinese	9.3.11.2649	9.3.12.2760
{55F6DA1E-A17F-5608-88B9-61512E42CDF8}	cmp79796BEE4D10F8D4A1A7E3E37CA2F4A1	FwAvalonia.resources.dll	Korean	9.3.11.2649	9.3.12.2760
{6E063CEC-98DE-598E-80D4-4708FCA0B412}	cmp6830D5813172E2AB5E8303BEE2E0D6B6	FwAvalonia.resources.dll	Russian	9.3.11.2649	9.3.12.2760
{794FB841-8C1A-502E-88DA-2E32D9296248}	cmp3F935CA18EB62F02F358BBE9FDED913A	FwAvalonia.resources.dll	Khmer	9.3.11.2649	9.3.12.2760
{7997DB88-EE95-5A10-8CF7-DC77008DC0AC}	cmp0F87125353CEA8E8B6313529DD7C6BD6	FwAvalonia.resources.dll	Nepali	9.3.11.2649	9.3.12.2760
{7A5ED619-AA06-5F23-944F-1279F28BCABB}	cmp7206F0E70BCBF954AE4922BFF706BB3E	FwAvalonia.resources.dll	Thai	9.3.11.2649	9.3.12.2760
{8A908B5D-2495-5A62-8808-ABC896FA4846}	cmp5E731BC4EE8DF18A3F911E4310268089	FwAvalonia.resources.dll	Bengali	9.3.11.2649	9.3.12.2760
{9C8D0766-C594-522A-B364-E73AF641AC0E}	cmp0A8A05DD0C9C50DC093C17291DF69487	FwAvalonia.resources.dll	Arabic	9.3.11.2649	9.3.12.2760
{A7530E25-7D26-5C02-849F-F1FC632EE39B}	cmpF8D6A786D009147E667F3BD4E45726BA	FwAvalonia.resources.dll	Telugu	9.3.11.2649	9.3.12.2760
{C2E15D6E-5AF8-563D-95F7-2BDC22918634}	cmpFAAF6F77C41BD26E21712EBD302909FC	FwAvalonia.resources.dll	Malayalam	9.3.11.2649	9.3.12.2760
{C3CD0E9D-6C19-5863-A3E3-D1577FB57C66}	cmp3AB81E523E57BB90F1BDB4311D8BDF4A	FwAvalonia.resources.dll	Hungarian	9.3.11.2649	9.3.12.2760
{CB6C07D2-C204-546F-890C-49AE15F6FE32}	cmp88CA64FE2DAD35DB3F64594BDF4BB4D6	FwAvalonia.resources.dll	Persian	9.3.11.2649	9.3.12.2760
{CC2F72DF-B827-5792-B766-B08667192EF5}	cmp340F48912B1B687BCD4BD984A600BB75	FwAvalonia.resources.dll	German	9.3.11.2649	9.3.12.2760
{DD37BF7D-3A4E-5B2A-8798-4D596EFE60B8}	cmp25D6A9F9FFEDC837E8298EB5BB3F9B8B	FwAvalonia.resources.dll	Turkish	9.3.11.2649	9.3.12.2760
{E367A90A-C4A6-5896-B326-44C546900329}	cmp801B580FFEEAEF4B4D1F0E2135AB3F37	FwAvalonia.resources.dll	Indonesian	9.3.11.2649	9.3.12.2760
{E6B9C3BB-1AEE-5A2D-B322-031AF8E32FD0}	cmp3BFF24169B2639842124EDA8D54B6A60	FwAvalonia.resources.dll	Kinyarwanda	9.3.11.2649	9.3.12.2760
{E6FA6A1F-FC77-5110-A4BE-575606D2F057}	cmpB13758157B2FFEACC849C5CA49BD3E87	FwAvalonia.resources.dll	Tamil	9.3.11.2649	9.3.12.2760
{F554DE59-8F6E-53EE-B238-97924BED4754}	cmp945ABA08FFF1DB122D7B99A11C274AA7	FwAvalonia.resources.dll	Burmese	9.3.11.2649	9.3.12.2760
{2E1C86F7-F728-5D5E-BDCC-64FF868A46B5}	cmp92ECD687E7DEA3EA930AE1FA471F3062	FwAvaloniaDialogs.dll	Complete	9.3.11.2649	9.3.12.2760
{46FF9909-6F68-58B3-A907-0550222ACD29}	cmpF54565E87EF3FD52203F26835085A430	FwAvaloniaDialogs.dll.config	Complete	9.3.11.2649	9.3.12.2760
{F2BB0A37-FE52-53C8-8696-EBE0F4D47B97}	cmpCD1512CFB467FC5C896C997AA6D869DB	FwAvaloniaDialogs.pdb	Complete	9.3.11.2649	9.3.12.2760
{025484A1-AA3B-55C6-95C9-73ED057EC6E9}	cmp82D0BAE64C8AE203065262909273FD30	FwAvaloniaDialogs.resources.dll	Swahili	9.3.11.2649	9.3.12.2760
{096C45C2-0865-5070-AA31-CC96DF0D5B1C}	cmpD94D58DC6BF163351A6EFA6F601B0D6C	FwAvaloniaDialogs.resources.dll	Malayalam	9.3.11.2649	9.3.12.2760
{0EB6AB4E-F822-5500-997F-A9BE4856EDD4}	cmp1F15778C89D148F0DFD7CCD9BFEE602A	FwAvaloniaDialogs.resources.dll	German	9.3.11.2649	9.3.12.2760
{1D35E836-98AB-53E1-83C2-70BC05A2080D}	cmp229E2BA7226AE09E8C70783A6AE9ABFC	FwAvaloniaDialogs.resources.dll	Indonesian	9.3.11.2649	9.3.12.2760
{1D47C484-8E7C-547A-A735-349E27ED325C}	cmp47826A817F068F909056FE903637B0EA	FwAvaloniaDialogs.resources.dll	Burmese	9.3.11.2649	9.3.12.2760
{1D4C2AF2-1935-5C95-8222-7C00123A78C8}	cmp4A4AA69EF39D1241CB0C302CDC811063	FwAvaloniaDialogs.resources.dll	Malay	9.3.11.2649	9.3.12.2760
{1DBB57F5-5373-581C-A456-A9F845FF4874}	cmp26917791EA6C95E2841DBCBBEE622324	FwAvaloniaDialogs.resources.dll	Korean	9.3.11.2649	9.3.12.2760
{2D2E0509-0ED6-5178-8FA4-A2D5AD592ED1}	cmp01D0C349B81F490963ED6D773A0770FA	FwAvaloniaDialogs.resources.dll	Vietnamese	9.3.11.2649	9.3.12.2760
{37663C83-A7D4-5024-ACD5-C7B6C0C2B068}	cmp2BBC973D8DDF0B18438CA6A491393FE8	FwAvaloniaDialogs.resources.dll	Urdu	9.3.11.2649	9.3.12.2760
{49755DFC-89B1-593E-9E91-E388A48DE600}	cmpDCFF496901CBF45AD09A85AFCB24021A	FwAvaloniaDialogs.resources.dll	Turkish	9.3.11.2649	9.3.12.2760
{4D129082-FC11-56CA-B192-6B7566F4A34A}	cmp31824781D8DC1AEED4F3ABA81DE48FD6	FwAvaloniaDialogs.resources.dll	Azerbaijani	9.3.11.2649	9.3.12.2760
{50F3C03B-659A-5539-87FF-935A26F987C1}	cmpFD1E1A0F89D09757FD956A3DB67ADCD5	FwAvaloniaDialogs.resources.dll	Nepali	9.3.11.2649	9.3.12.2760
{53B372C4-1023-5014-A058-578E747D66D0}	cmpD443A7DFF977E28AC44D447D0E4ACA28	FwAvaloniaDialogs.resources.dll	Chinese	9.3.11.2649	9.3.12.2760
{64770BF4-4611-528B-B7FC-FC111E3716D8}	cmp4A898A1A999245077C43B9DE7492E771	FwAvaloniaDialogs.resources.dll	Tamil	9.3.11.2649	9.3.12.2760
{72531CD7-CC5E-533A-AF39-6D483D1ED03C}	cmp65F49F9673D480828B04BF10B610B57E	FwAvaloniaDialogs.resources.dll	Malay	9.3.11.2649	9.3.12.2760
{745A883C-E47D-59DF-952F-10AF51A18C74}	cmp6E086A438A2AACEF005D057CE578D9CB	FwAvaloniaDialogs.resources.dll	Bengali	9.3.11.2649	9.3.12.2760
{8321A3AA-69DB-589F-B83C-082377704A96}	cmp1F13154539E7DBB2EB8C18144FC5F348	FwAvaloniaDialogs.resources.dll	Spanish	9.3.11.2649	9.3.12.2760
{8628C43E-FEB8-5C6D-BB7C-AD7E8BA9FBC1}	cmp5D49E4ADE5C1736CEB872B432EDC90C3	FwAvaloniaDialogs.resources.dll	Telugu	9.3.11.2649	9.3.12.2760
{88681579-7969-519F-B1EE-3E1EFE158CB2}	cmpD432FEB57D28D2492832BD160AFF67CC	FwAvaloniaDialogs.resources.dll	Yoruba	9.3.11.2649	9.3.12.2760
{9D17CCAC-F4D6-557D-B086-5845094BC327}	cmpBED07ADBDE4F22C424C02A2E94D50C3E	FwAvaloniaDialogs.resources.dll	Persian	9.3.11.2649	9.3.12.2760
{A7A53726-0B9F-5AEE-B4D9-9F8003C1F59C}	cmpEF8DD91FEE84E88C37CA4C42D04E90D6	FwAvaloniaDialogs.resources.dll	Hungarian	9.3.11.2649	9.3.12.2760
{AE8A94BA-6C1D-532F-B799-B3DE4D5E9CFB}	cmp2CE4A58C7B7E963CAB0BF07C1C4DBEC1	FwAvaloniaDialogs.resources.dll	Khmer	9.3.11.2649	9.3.12.2760
{B62B13E6-14E2-5C8B-8FCF-5CF490563A4D}	cmpC627A09DB11908C254EEC3597593421B	FwAvaloniaDialogs.resources.dll	French	9.3.11.2649	9.3.12.2760
{B89D76C9-CED6-5BD8-B0F8-D8E6C44877B9}	cmp26A637EFBC7F7116A6679D273E518E11	FwAvaloniaDialogs.resources.dll	Thai	9.3.11.2649	9.3.12.2760
{BD56E3F0-0E09-5EF5-A74B-8748F197F499}	cmpCBC576B7692DE2BE123CAA7259F8CE52	FwAvaloniaDialogs.resources.dll	Portuguese	9.3.11.2649	9.3.12.2760
{CA22F8D0-D083-5141-93AD-71E6041710EA}	cmp23734D77C22D73F0B5DF8C0F2CE427E0	FwAvaloniaDialogs.resources.dll	Hindi	9.3.11.2649	9.3.12.2760
{D49F26B5-8080-5FF3-88BC-1DC75102689C}	cmpA0D7F5AFE0D912C3224C272F9208085D	FwAvaloniaDialogs.resources.dll	Arabic	9.3.11.2649	9.3.12.2760
{D9A7DB60-7CA4-50B0-920B-8A038759BC74}	cmp711B57B27D65861D56230B157C4964D6	FwAvaloniaDialogs.resources.dll	Russian	9.3.11.2649	9.3.12.2760
{EF8358F1-8081-5F3D-B297-50FEC1198EE7}	cmp1BA32594D3E185D6D2745ECACB492618	FwAvaloniaDialogs.resources.dll	Kinyarwanda	9.3.11.2649	9.3.12.2760
{D4721227-54F7-5298-ABDE-798F9DF95320}	cmp03AA89612A561251F9826F318D4FAF65	FwAvaloniaTheme.dll	Complete	9.3.12.2752	9.3.12.2760
{769C31AE-8E95-5728-9466-6FAE837AD657}	cmp5C17B3B30B60CA33F9AABA9F3A10FAEE	FwAvaloniaTheme.dll.config	Complete	9.3.12.2752	9.3.12.2760
{591C7319-CC1C-5514-B40F-0FA78CC9719B}	cmpA6C9E9D197AF34C0EFF5656327CEEC27	FwAvaloniaTheme.pdb	Complete	9.3.12.2752	9.3.12.2760
{FC64481F-105F-5B2B-949C-54CDE425D396}	cmpB76607CAFE1A9394C7D7CAEFD4B08D44	GrammarAndTextsForAI.xml	Complete	9.3.11.2693	9.3.12.2760
{B7B635E2-E51D-5EAC-B1CA-5DE35930FBA7}	cmp4069FEDB42291ACEC7EB1440D0F53295	Irihi.Avalonia.Shared.Contracts.dll	Complete	9.3.12.2752	9.3.12.2760
{A65A90B9-142C-5DE4-B98F-EBC0BEECC456}	cmp24C294AE5B98E64C128EEF9741042D0B	Irihi.Avalonia.Shared.dll	Complete	9.3.12.2752	9.3.12.2760
{03468303-7A73-5B8F-9CB9-12F7B474EC40}	cmp5E8EA429E963CFDEE82E15B4D5EEAFF6	libHarfBuzzSharp.so	Complete	9.3.11.2649	9.3.12.2760
{0C2D3395-CC96-5DB2-B7AE-442D28188444}	cmp44CC67C4A96CC21E9A1D04B1CDE5EB3E	libHarfBuzzSharp.so	Complete	9.3.11.2649	9.3.12.2760
{11F24985-B4F5-528B-8A59-A68F59E5574F}	cmp734B1D3171E8EF6DEE9CF002FA3BA092	libHarfBuzzSharp.so	Complete	9.3.11.2649	9.3.12.2760
{1628A355-94ED-50C5-BEBB-76F3868663D7}	cmpB9C172DC098B1EBFF4F47862F87A18F7	libHarfBuzzSharp.so	Complete	9.3.11.2649	9.3.12.2760
{24E1EA66-A06A-54CF-B466-E1D7AED52520}	cmp07D38210B64F2AA12901CC6E43784185	libHarfBuzzSharp.so	Complete	9.3.11.2649	9.3.12.2760
{2B0CEAD2-F24F-591A-B172-15D0495595A6}	cmp6D817951C151B5EF9B904E5F900A923B	libHarfBuzzSharp.so	Complete	9.3.11.2649	9.3.12.2760
{900E3373-22F8-5504-9CE7-F7BE3F578548}	cmp6566A436A2C4EDA4BAA540418FEE751F	libHarfBuzzSharp.so	Complete	9.3.11.2649	9.3.12.2760
{B341AC2F-6FA0-5187-8BD6-6E8404A66637}	cmp6CDEB1E669EB925C351C990B06CC5FF3	libHarfBuzzSharp.so	Complete	9.3.11.2649	9.3.12.2760
{D31A4F25-2D4F-5322-A669-38BB67F32D48}	cmp439EF9315EA4FB2955A9AE542415FD40	libHarfBuzzSharp.so	Complete	9.3.11.2649	9.3.12.2760
{D85EA165-6DAE-54F0-9E9D-67B043E40574}	cmp6E14E1BEB29F1E11962464578D3949AA	libHarfBuzzSharp.so	Complete	9.3.11.2649	9.3.12.2760
{F792B87F-4043-560F-86A2-5CD21F6ABAE1}	cmp474A6E6E84754B4F96DC4E226D549C2F	libHarfBuzzSharp.so	Complete	9.3.11.2649	9.3.12.2760
{1295C1B1-497B-56F1-9E4D-9CD2270A5AC0}	cmp17F13403DE0B83277E07E487DAE7CFBA	libSkiaSharp.so	Complete	9.3.11.2649	9.3.12.2760
{74B395A4-B965-5711-8635-65ABB93C03F2}	cmp7A9E437A0FCC6805D2C515DD961F9F44	libSkiaSharp.so	Complete	9.3.11.2649	9.3.12.2760
{F1466D7B-2CD9-5640-A469-64B9DECC30F4}	cmpEFD5913C752979F4635AF3437AD8F561	libSkiaSharp.so	Complete	9.3.11.2649	9.3.12.2760
{FF00E675-2F4C-5CF4-B849-5F0E77316324}	cmpA8AC13EE51C735C1656F69C4FC7D825D	libSkiaSharp.so	Complete	9.3.11.2649	9.3.12.2760
{B4F7C8B9-56A9-54AD-A952-7F1A3BFFD01B}	cmpBF470832EBCBE664093CDA0DCC6F69B2	MicroCom.Runtime.dll	Complete	9.3.11.2649	9.3.12.2760
{971E8516-64AE-5B04-896F-5A6EBFCFDE83}	cmp15EFFF7E6DDAD2D5A8D4BFE464D19BE4	Microsoft.Extensions.DependencyInjection.dll	Complete	9.3.11.2693	9.3.12.2760
{95EF5357-59E7-576F-BC09-DCF444C53CA3}	cmp2372452C908ABC16D10DC84FA8ED9FF6	Semi.Avalonia.dll	Complete	9.3.12.2752	9.3.12.2760
{3687447F-A73D-5ADC-9151-F821D4378E03}	cmpDE89069E1505C2B71CCB874F2FB716E3	System.ComponentModel.Annotations.dll	Complete	9.3.11.2649	9.3.12.2760
{AEE69E7C-003A-5016-B04B-F9AA2B4B1CC0}	cmp53BFEC07D81F9142E690F840F70744FE	System.Threading.Channels.dll	Complete	9.3.11.2649	9.3.12.2760
{33DBDF8A-46E9-530C-A8CD-5A6F52D8211F}	cmp70D4042F70E6492B602EAA442A075F1D	Tmds.DBus.Protocol.dll	Complete	9.3.11.2649	9.3.12.2760
{07736C0A-78C4-536D-A467-E099499660EA}	cmpBA53C5AE51B4235B8382C7991B2055B4	Ursa.dll	Complete	9.3.12.2752	9.3.12.2760
{AD76097B-0C92-5799-938D-106E11996214}	cmpF7F425B4749E9A93F0B1A296F16514BA	Ursa.Themes.Semi.dll	Complete	9.3.12.2752	9.3.12.2760
