<?xml version="1.0" encoding="UTF-8"?>
<!DOCTYPE lingPaper SYSTEM "../../DistFiles/WW/transforms/XLingPap.dtd" [
  <!ENTITY GlossAbbrDefn "<headerRow><headerCol>Abbreviation</headerCol><headerCol>Meaning</headerCol></headerRow>">
  <!ENTITY MoreWorkNeeded "More Work Needed here: ">
  <!ENTITY WordWorks "<object class='WordWorks'>WordWorks</object>">
  <!ENTITY amacron "&#x0101;">
  <!ENTITY fromPOS "&ldquo;from category&rdquo;">
  <!ENTITY idotless "&#x0131;">
  <!ENTITY scedilla "&#x015f;">
  <!ENTITY toInflClass "&ldquo;to inflection class&rdquo;">
  <!ENTITY toPOS "&ldquo;to category&rdquo;">
  <!ENTITY yumashakge "&#x011f;">
  <!ENTITY ToFromPOSUI SYSTEM "ToFromPOSUI.xml">
  <!ENTITY CIIntro SYSTEM "CIIntro.xml">
  <!ENTITY CIMorphotactics SYSTEM "CIMorphoTactics.xml">
  <!ENTITY CIMorphophonemics SYSTEM "CIMorphoPhonemics.xml">
  <!ENTITY References SYSTEM "References.xml">
]>
<?xml-stylesheet type="text/xsl" href="../../DistFiles/WW/transforms/XLingPap1.xsl"?>
<lingPaper css="ConceptualIntroduction.css">
  <language id="lCaquinte">caquinte</language>
  <language id="lEng">english</language>
  <language id="lGloss">gloss</language>
  <language id="lGreek">greek</language>
  <language id="lNahuatl">nahuatl</language>
  <language id="lPopoloca">popoloca</language>
  <language id="lQuechua">quechua</language>
  <language id="lReference">reference</language>
  <language id="lSilti">silti</language>
  <language id="lShipibo">shipibo</language>
  <language id="lSpanish">spanish</language>
  <language id="lTagalog">tagalog</language>
  <language id="lTurkish">turkish</language>
  <language id="lYalalag">yalalag</language>
  <language id="lZoque">zoque</language>
  <frontMatter>
    <title>How the &WordWorks; Stage 1 Parser Worls</title>
    <author>H. Andrew Black</author>
    <date>1-July-2004</date>
    <contents showLevel="6"/>
  </frontMatter>
<section1 id="aHowParserWorks">
  <secTitle>The Stage 1 &WordWorks; Parser</secTitle>
  <section2 id="sParser">
    <secTitle>How the Stage 1 &WordWorks; Parser Does It</secTitle>
    <p>This section outlines and illustrates how the parser used in Stage 1 of &WordWorks; does its job.</p>
    <section3 id="sParserOverview">
      <secTitle>Parser Overview</secTitle>
      <p>The job of the &WordWorks; parser is to break each word down into its individual morphemes, including a gloss for each morpheme.  How it does so depends on what information is available in the lexicon to match against.  There are two basic approaches to phonology/morphology: Item and Process versus Item and Arrangement.  In the Item and Process approach, the lexicon contains the underlying form for each morpheme and a set of rules generates the correct surface form when morphemes are combined to form words.  In contrast, the Item and Arrangement approach lists all the possible allomorphs of a particular morpheme in the lexicon, with appropriate conditions on the context that each can appear in.  Stage 1 of the &WordWorks; parser uses the Item and Arrangement approach.  (Plans for later stages call for the use of Item and Process as well.)  The Item and Arrangement approach thus allows the parser to match allomorphs directly within the surface form of a word.</p>
      <!--
N.B. this does not correspond correctly to what is in the match and filter diagram.

        <p>Note that here and throughout this document we use the following definitions:</p>
        <example num="xParseDefinitions">
          <table border="1" cellpadding="4pt">
            <headerRow>
              <headerCol>Term</headerCol>
              <headerCol>Definition</headerCol>
            </headerRow>
            <row>
              <col>
                <object class="Term">parse</object>
              </col>
              <col>one of the outputs of the parsing program for a given word</col>
            </row>
            <row>
              <col>
                <object class="Term">analysis</object>
              </col>
              <col>a parse which is linguistically correct</col>
            </row>
            <row>
              <col>
                <object class="Term">ambiguity</object>
              </col>
              <col>two or more analyses</col>
            </row>
          </table>
        </example>
        -->
      <p>In order to break a word down into its component morphemes, the WordWorks parser uses a two-stage “match and filter” approach as illustrated in <exampleRef num="xMatchAndFilterTechnique"/>.</p>
      <example num="xMatchAndFilterTechnique">
        <chart>
          <img src="MatchAndFilterTechnique.gif"/>
        </chart>
      </example>
      <p>As a wordform is processed, the parser matches all possible sequences of allomorphs that completely account for the word form; these are the trial parses.<endnote id="nSuccessorTests">
          <p>Some constraints actually apply between pairs of posited allomorphs before the entire word form has been accounted for.  This makes the parser more efficient.</p>
        </endnote>  Then it applies various tests and constraints to each trial parse to rule out the sequences that are not possible due to the known facts of morphology and phonology. All the sequences that do not fail some test or constraint constitute the parses that are returned by the parser. According to the computer, these are “predicted analyses.” The human linguist must review the results to verify that a predicted analysis is a correct analysis indeed.</p>
    </section3>
    <section3 id="sParserIllustration">
      <secTitle>Parser Illustration</secTitle>
      <p>This section uses an example to illustrate how the parser works.</p>
      <p>What information will the program need to parse the Nahuatl form in <exampleRef num="xNahuatlOnikitak"/>?<endnote id="nNahuatlOnikitak">
          <p>The abbreviations used in the Nahuatl glosses are:</p>
          <table border="1" class="LessSpaceBeforeTable">
&GlossAbbrDefn;
<row>
              <col>Pst</col>
              <col>past tense</col>
            </row>
            <row>
              <col>1SgSubj</col>
              <col>first person singular subject</col>
            </row>
            <row>
              <col>3Obj</col>
              <col>third person object</col>
            </row>
            <row>
              <col>PretSg</col>
              <col>preterite singular</col>
            </row>
          </table>
        </endnote>
      </p>
      <example num="xNahuatlOnikitak">
        <interlinear>
          <lineGroup>
            <line>
              <langData lang="lNahuatl">onikitak</langData>
            </line>
            <line>
              <langData lang="lNahuatl">o-ni-k-ita-k</langData>
            </line>
            <line>
              <gloss lang="lGloss">Pst-1SgSubj-3Obj-to.see-PretSg</gloss>
            </line>
          </lineGroup>
          <free>&lsquo;I saw him/her/it&rsquo;</free>
        </interlinear>
      </example>
      <p>It is certainly going to have to know at least the shapes of the morphemes (i.e. their allomorphs) and the glosses.  That means that the lexicon will have to have entries for each of these morphemes where each entry contains the appropriate allomorph and also has the appropriate gloss.</p>
      <p>Now, what does the program need to do?  It begins by trying to match any prefixes with the front of the word.  Since the prefix <langData lang="lNahuatl">o</langData>&nbhy;  matches, it initially tries this prefix.  It now needs to find a match for <langData lang="lNahuatl">nikitak</langData>.  It finds that the prefix <langData lang="lNahuatl">ni</langData>&nbhy; matches the front and then looks for a match with <langData lang="lNahuatl">kitak</langData>.  Another prefix, <langData lang="lNahuatl">k</langData>&nbhy;, matches here, so the remainder is <langData lang="lNahuatl">itak</langData>.  No more prefixes match the beginning of <langData lang="lNahuatl">itak</langData>, so the program tries to find a root that matches.  Since <langData lang="lNahuatl">ita</langData> matches, the remainder is just <langData lang="lNahuatl">k</langData>.  There is a suffix &nbhy;<langData lang="lNahuatl">k</langData> that matches this, so it is chosen.  The parser is now at the end of the word.  As long as all the constraints are satisfied, the parse will be given as an analysis.</p>
      <p>The parsing process actually proceeds bottom-up, left-to-right exhaustively, so all possible combinations of matching morphemes are discovered, and all of those which pass the constraints are returned in the output.  Thus, the output of a word is allowed to be ambiguous.  Matching and filtering are integrated so that false paths are abandoned as soon as possible.</p>
      <p>To see this, let’s suppose we add another allomorph to the <langData lang="lNahuatl">k</langData>&nbhy; <gloss lang="lGloss">3Obj</gloss> prefix.  This new allomorph will be <langData lang="lNahuatl">ki</langData>.<endnote id="nNahuatlKiAllo">
          <p>Under at least one analysis, the <gloss lang="lGloss">3Obj</gloss> morpheme’s base form is <langData lang="lNahuatl">k</langData>&nbhy;.  When the <langData lang="lNahuatl">k</langData> cannot be syllabified, an epenthetic vowel /<langData lang="lNahuatl">i</langData>/ is inserted.  One way to model such an understanding in Stage 1 of &WordWorks; is to list <langData lang="lNahuatl">ki</langData>&nbhy; as a distinct allomorph and condition its occurrence appropriately.  See section XXX3.5.1XXX.</p>
        </endnote>
      </p>
      <p>When the program tries to analyze the word <langData lang="lNahuatl">onikitak</langData> now, it begins as before by finding the prefixes <langData lang="lNahuatl">o</langData>&nbhy; and <langData lang="lNahuatl">ni</langData>&nbhy;.  This time, however, it will try using the <langData lang="lNahuatl">ki</langData>&nbhy; allomorph of <gloss lang="lGloss">3Obj</gloss>.  The remainder of the word will then be <langData lang="lNahuatl">tak</langData>.  There are no prefixes that match <langData lang="lNahuatl">tak</langData> and also there are no roots that match <langData lang="lNahuatl">tak</langData>, so the program will have to backtrack and try the other allomorph of <gloss lang="lGloss">3Obj</gloss> (<langData lang="lNahuatl">k</langData>&nbhy;).  It will succeed as before with this allomorph.</p>
      <p>Now in our little example above, we had only a few prefixes, roots, and suffixes.  Suppose that instead we had the full number of possibilities (some 50 prefixes, 100 suffixes, and a couple thousand roots).  The program will need to try potentially thousands of combinations.</p>
    </section3>
    <section3 id="sParserEfficiency">
      <secTitle>Parser Efficiency</secTitle>
      <p>
        <object class="Comment">Do we really need/want this section?</object>
      </p>
      <p>If we always scan across the word and find all possible matches of allomorphs before trying any constraints whatsoever, we will spend a lot of processing time matching possibilities that will be incorrect.  This is especially obvious for initial prefixes: when the program makes a match for a prefix that will turn out to be incorrect, it still must try to match all of the following possible root and suffix combinations before it will learn that the initial prefix is wrong.</p>
      <p>For this reason, the Stage 1 &WordWorks; parser divides its constraints (usually called tests) into two major varieties: those which apply as soon as possible (successor tests) and those which apply after an entire parse has been posited (final tests).  The successor tests compare the current allomorph being attempted with its immediately preceding posited morpheme.   If a successor test fails, then the currently posited allomorph is assumed to be wrong, so there is no need to bother trying to find more matches in the rest of the word while positing this incorrect allomorph.  Successor tests, then, eliminate incorrect parses as soon as they are tried.<endnote id="nSTs">
          <p>Technical note: <object class="TechNote">Successor Tests in Stage 1 consist of SECs, very simple-minded category tests (all morphemes except particles are class W), and root compounds for linkers.  If we can figure out how to automatically generate orderclass ranges, then orderclass tests are also possible.  PECs are not available since we are parsing from a wordform inventory and therefore there is no punctuation in context.  At a later stage we plan to a have a way to disambiguate wordforms in context.</object>
          </p>
        </endnote>
      </p>
            <example num="xCaquinteFuture">
        <interlinear>
          <lineGroup>
            <line>
              <langData lang="lCaquinte">intsavetacojitero</langData>
            </line>
            <line>
              <langData lang="lCaquinte">i-n-tsave-(t)-ako-hi-(t)-e-ro </langData>
            </line>
            <line>
              <gloss lang="lGloss">3M-FUT-tell-&nbsp;-DAT-PAS-&nbsp;-F-3FO</gloss>
            </line>
          </lineGroup>
          <free>&lsquo;she will be told about&rsquo;</free>
        </interlinear>
      </example>

      <p>Not every kind of test, however, can be limited to only the information between preceding posited morphemes and the current allomorph.  Remember the Caquinte future tense example in <exampleRef num="xCaquinteFuture"/>?  In Caquinte the future tense is often realized as a combination of both a prefix and a suffix.  When the program posits the future tense prefix, there is no way for it at that moment to know whether or not it will find the future tense suffix later on.  The program has to wait.  Other kinds of constraints may only be possible when the word has been completely parsed.  For this reason the Stage 1 &WordWorks; parser has a second variety of tests, called final tests.  These apply not to a pair of posited morphemes, but to the entire posited parse.  Final tests can look across the whole parse and check for long distance requirements.<endnote id="nFTs">
          <p>Technical note: <object class="TechNote">Final Tests in Stage 1 consist of MCCs for morpheme-oriented adhoc coprohibitions, ANCCs for allomorph-oriented coprohibitions, and the word grammar.  Note that the word grammar will probably be a part of any parser we use.</object>
          </p>
        </endnote>
      </p>
      <p>One of the final tests in &WordWorks; is actually a word structure-building grammar.  In Stage 1, the actual output of this word grammar is not directly available.  It may well be available in later stages.</p>
      <p>Clearly, properly using and controlling the constraints is the major task in implementing a parser for a given language.  Since a morphological parser must model linguistic reality, it is a good idea to use constraints that model appropriate linguistic notions.  Two major concepts for morphology are morphotactics and morphophonemics.  Morphotactics deal with what morphemes can co-occur with what other morphemes.  Morphophonemics deal with what shape a given morpheme will have in various phonological and morphological environments.  The next two major sections outline the constraints available with the Stage 1 &WordWorks; parser and how to use them.</p>
    </section3>
  </section2>
</section1>
  <backMatter>
    <endnotes/>
    &References;
  </backMatter>

</lingPaper>