<?xml version="1.0" encoding="UTF-8"?>
    <references>
      <refAuthor name="Aronoff, Mark" citeName="Aronoff">
        <refWork id="rAronoff1994">
          <refDate>1994</refDate>
          <refTitle>Morphology by Itself</refTitle>
          <book>
            <series>Linguistic Inquiry Monograph Twenty-Two</series>
            <publisher>The MIT Press</publisher>
            <location>Cambridge, Massachusetts</location>
          </book>
        </refWork>
      </refAuthor>
      <refAuthor name="Austin Krumholz, Jeanne, Marjorie Kalstrom Dolson, and Miguel Hern&aacute;ndez Ayuso" citeName="Austin, Kalstrom, and Hern&aacute;ndez">
        <refWork id="rDiccionarioPopoloca">
          <refDate>1995</refDate>
          <refTitle>Diccionario poploca de San Juan Atzingo Puebla</refTitle>
          <book>
            <publisher>Instituto Ling&uuml;&iacute;stico de Verano, A.C.</publisher>
            <location>Tucson, AZ</location>
          </book>
        </refWork>
      </refAuthor>
      <refAuthor name="Bickford, J. Albert" citeName="Bickford">
        <refWork id="rBickford">
          <refDate>1998</refDate>
          <refTitle>Tools for Analyzing the World's Languages</refTitle>
          <book>
            <publisher>The Summer Institute of Linguistics</publisher>
            <location>Dallas</location>
          </book>
        </refWork>
      </refAuthor>
      <refAuthor name="Black, H. Andrew" citeName="Black">
        <refWork id="rShipiboV2">
          <refDate>1992</refDate>
          <refTitle>South American Verb Second Phenomena: Evidence from Shipibo</refTitle>
          <article>
            <jTitle>Syntax at Santa Cruz</jTitle>
            <jVol>1</jVol>
            <jPages>35-63</jPages>
          </article>
        </refWork>
      </refAuthor>
      <refAuthor name="Engel, Ralph Mary Allhiser de Engel, and Jos&eacute; Mateo Alvarez" citeName="Engel, Engel and Alvarez">
        <refWork id="rZoqueDict">
          <refDate>1987</refDate>
          <refTitle>Diccionario zoque de Franciso Le&oacute;n</refTitle>
          <book>
            <publisher>Instituto Ling&uuml;&iacute;stico de Verano</publisher>
            <location>M&eacute;xico, D.F.</location>
          </book>
        </refWork>
      </refAuthor>
      <refAuthor name="Gardner, Simon" citeName="Gardner">
        <refWork id="rGardner">
          <refDate>1994</refDate>
          <refTitle>A Problem in Boundary Morphophonemics for Computer Analysis</refTitle>
          <article>
            <jTitle>Notes on Computing</jTitle>
            <jVol>13.6</jVol>
            <jPages>44-48</jPages>
          </article>
        </refWork>
      </refAuthor>
      <refAuthor name="Hockett, Charles" citeName="Hockett">
        <refWork id="rHockett">
          <refDate>1954</refDate>
          <refTitle>Two models of grammatical description</refTitle>
          <article>
            <jTitle>Word</jTitle>
            <jVol>10</jVol>
            <jPages>210-231</jPages>
          </article>
        </refWork>
      </refAuthor>
      <refAuthor name="Inkelas, Sharon" citeName="Inkelas">
        <refWork id="rLing115">
          <refDate>2001</refDate>
          <refTitle>Derivational Morphology Handout</refTitle>
          <webPage>
            <url>http://ist-socrates.berkeley.edu/~aclyu/ling115/handout07.pdf</url>
          </webPage>
        </refWork>
      </refAuthor>
      <refAuthor name="It&ocirc;, Junko" citeName="It&ocirc;">
        <refWork id="rIto1989">
          <refDate>1989</refDate>
          <refTitle>A prosodic theory of epenthesis</refTitle>
          <article>
            <jTitle>Natural Language and Linguistic Theory </jTitle>
            <jVol>7</jVol>
            <jPages>217-259</jPages>
          </article>
        </refWork>
      </refAuthor>
      <refAuthor name="L&oacute;pez L., Filem&oacute;n y Ronaldo Newberg Y." citeName="L&oacute;pez y Newberg">
        <refWork id="rYalalagVerbBook">
          <refDate>1990</refDate>
          <refTitle>La Conjugaci&oacute;n del Verbo Zapoteco; Zapoteco de Yal&aacute;lag</refTitle>
          <book>
            <publisher>Instituto Ling&uuml;&iacute;stico de Verano, A.C.</publisher>
            <location>M&eacute;xico, D.F</location>
          </book>
        </refWork>
      </refAuthor>
      <refAuthor name="Principia Cybernetica Web" citeName="Principia Cybernetica Web">
        <refWork id="rOccamsRazor">
          <refDate>1997</refDate>
          <refTitle>Occam's Razor</refTitle>
          <webPage>
            <url>http://pespmc1.vub.ac.be/OCCAMRAZ.html</url>
          </webPage>
        </refWork>
      </refAuthor>
      <refAuthor name="Spencer, Andrew" citeName="Spencer">
        <refWork id="rSpencer1991">
          <refDate>1991</refDate>
          <refTitle>Morphological Theory</refTitle>
          <book>
            <publisher>Basil Blackwell</publisher>
            <location>Cambridge</location>
          </book>
        </refWork>
      </refAuthor>
      <refAuthor name="Swift, Kenneth" citeName="Swift">
        <refWork id="rSwift">
          <refDate>1988</refDate>
          <refTitle>Morfología del Caquinte</refTitle>
          <book>
            <series>Serie Lingüística Peruana, No. 25</series>
            <publisher>Instituto Lingüístico de Verano</publisher>
            <location>Yarinacocha, Péru</location>
          </book>
        </refWork>
      </refAuthor>
      <refAuthor name="Tuggy T., David" citeName="Tuggy">
        <refWork id="rTuggyCurso">
          <refDate>1991</refDate>
          <refTitle>Curso del N&aacute;juatl Moderno</refTitle>
          <book>
            <publisher>Universidad de las Am&eacute;ricas</publisher>
            <location>Puebla, M&eacute;xico</location>
          </book>
        </refWork>
      </refAuthor>
      <refAuthor name="Weber, David John" citeName="Weber">
        <refWork id="rHuallagaQuechuaGrammar">
          <refDate>1989</refDate>
          <refTitle>A Grammar of Huallaga (Hu&aacute;nuco) Quechua</refTitle>
          <book>
            <series>Linguistics Volume 112</series>
            <publisher>University of California Press</publisher>
            <location>Berkeley</location>
          </book>
        </refWork>
      </refAuthor>
      <refAuthor name="Weber, David J., H. Andrew Black, and Stephen R. McConnel" citeName="Weber, Black, and McConnel">
        <refWork id="rAMPLEBook">
          <refDate>1988</refDate>
          <refTitle>AMPLE: A Tool for Exploring Morphology</refTitle>
          <book>
            <series>Occasional Publications in Academic Computing No. 12</series>
            <publisher>Summer Institute of Linguistics</publisher>
            <location>Dallas, Texas</location>
          </book>
        </refWork>
      </refAuthor>
    </references>
