<?xml version="1.0" encoding="UTF-8"?>
<!DOCTYPE terms SYSTEM "C:\WW\ww\Documentation\WWTerminology.dtd">
<?xml-stylesheet type="text/xsl" href="C:\WW\ww\Documentation\WWTerminology.xsl"?>
<terms>
  <item>
    <term id="datatree">DataTree</term>
    <definition>Tree control used in xCore to display and allow editing of data(?).  Each data item is in a <refer ref="slice">slice</refer>.</definition>
  </item>
  <item>
    <term>FDO</term>
    <definition>FieldWorks Data Objects</definition>
  </item>
  <item>
    <term>FLexicon</term>
    <definition>FieldWorks Lexicon</definition>
  </item>
  <item>
    <term>jtview</term>
    <definition>"John Thomson" views code editor used in <refer ref="xde">XDEs</refer>
    </definition>
  </item>
  <item>
    <term>LexEd</term>
    <definition>Lexicon editor</definition>
  </item>
  <item>
    <term>ME</term>
    <definition>Morphology Editor</definition>
  </item>
  <item>
    <term id="slice">slice</term>
    <definition>a row in a <refer ref="datatree">DataTree</refer>
    </definition>
  </item>
  <item>
    <term>xCore</term>
    <definition>xCore is a DotNet-based framework. The goal of this framework is to allow us to create applications by writing an XML file which collects various components and wires them together. So with XCore, you can set up the menu items, toolbars, and sidebars.  The actual content-area of the application, where you see real data and do real work, is beyond the scope of XCore, except that it does provide some useful pieces for allowing different components to talk to each other and (eventually) for applications to talk to each other.</definition>
  </item>
  <item>
    <term id="xde">XDE</term>
    <definition>XML-based Data Entry description(?)</definition>
  </item>
  <item>
    <term>xWorks</term>
    <definition>FieldWorks-specific xCore application(?)</definition>
  </item>
  <item>
    <term>M3 / M3 Morphology</term>
    <definition>our third generation conceptual model of morphology</definition>
  </item>
  <item>
    <term>FXT</term>
    <definition>FieldWorks XML templates (FXT) are XML files which FieldWorks can use to export data out of its database into an XML file</definition>
  </item>
  <item>
    <term>IText</term>
    <definition>Interlinear Text tool</definition>
  </item>
  <item>
    <term>ParseBench</term>
    <definition>Tool to faciliate parsing sets of words</definition>
  </item>
  <item>
    <term>JIRA</term>
    <definition>Bug/enhancement tracking software package</definition>
  </item>
  <item>
    <term>XAMPLE</term>
    <definition>"eXperimental AMPLE" - the AMPLE morphological parser augmented with a <refer ref="PCPATR">PC-PATR</refer>  word grammar.  We're using XAMPLE as our Stage 1 morphological parser.</definition>
  </item>
  <item>
    <term id="PCPATR">PC-PATR</term>
    <definition>SIL's syntactic level parser tool, based on the PATR II formalism</definition>
  </item>
  <item>
    <term>Xerox Parser</term>
    <definition>A morphological parser developed by Xerox Parc that allows one to write standard generative phonological rules.  We hope to use this as our Stage 2 and 3 morphological parser. </definition>
  </item>
  <item>
    <term>MGA</term>
    <definition>Morphosyntactic Glossing Assistant - a tool that helps users choose accurate, standard and consistent glosses.  Behind the scenes, it also assigns feature structures for the glosses (at least for those we know about).</definition>
  </item>
  <item>
    <term>GAFAWS</term>
    <definition>Grime's Algorithm for Analyzing Words - a tool to help a user figure out an inflectional template based on a set of hand-parsed wordforms.</definition>
  </item>
</terms>
